24,24,TRUE
24,24,TRUE
24,24,TRUE
24,24,TRUE
14,24,FALSE
24,24,TRUE
24,24,TRUE
24,24,TRUE
24,24,TRUE
24,24,TRUE
24,24,TRUE
24,24,TRUE
14,24,FALSE
24,24,TRUE
24,24,TRUE
24,24,TRUE
24,24,TRUE
24,24,TRUE
24,24,TRUE
24,24,TRUE
24,24,TRUE
24,24,TRUE
24,24,TRUE
24,24,TRUE
14,24,FALSE
24,24,TRUE
0,24,FALSE
14,24,FALSE
24,24,TRUE
14,24,FALSE
24,24,TRUE
24,24,TRUE
24,24,TRUE
24,24,TRUE
24,24,TRUE
24,24,TRUE
24,24,TRUE
24,24,TRUE
7,24,FALSE
24,24,TRUE
24,24,TRUE
24,24,TRUE
24,24,TRUE
24,24,TRUE
24,24,TRUE
24,24,TRUE
24,24,TRUE
23,24,FALSE
24,24,TRUE
24,24,TRUE
24,24,TRUE
24,24,TRUE
24,24,TRUE
24,24,TRUE
3,24,FALSE
27,24,FALSE
24,24,TRUE
24,24,TRUE
24,24,TRUE
24,24,TRUE
16,24,FALSE
24,24,TRUE
24,24,TRUE
24,24,TRUE
24,24,TRUE
24,24,TRUE
24,24,TRUE
24,24,TRUE
24,24,TRUE
24,24,TRUE
24,24,TRUE
24,24,TRUE
24,24,TRUE
24,24,TRUE
24,24,TRUE
24,24,TRUE
24,24,TRUE
28,24,FALSE
24,24,TRUE
24,24,TRUE
24,24,TRUE
24,24,TRUE
24,24,TRUE
24,24,TRUE
24,24,TRUE
24,24,TRUE
24,24,TRUE
24,24,TRUE
24,24,TRUE
24,24,TRUE
24,24,TRUE
24,24,TRUE
24,24,TRUE
24,24,TRUE
7,24,FALSE
24,24,TRUE
24,24,TRUE
24,24,TRUE
24,24,TRUE
24,24,TRUE
24,24,TRUE
24,24,TRUE
24,24,TRUE
24,24,TRUE
24,24,TRUE
24,24,TRUE
24,24,TRUE
24,24,TRUE
24,24,TRUE
24,24,TRUE
24,24,TRUE
24,24,TRUE
24,24,TRUE
24,24,TRUE
24,24,TRUE
24,24,TRUE
24,24,TRUE
24,24,TRUE
24,24,TRUE
24,24,TRUE
24,24,TRUE
24,24,TRUE
24,24,TRUE
24,24,TRUE
16,24,FALSE
24,24,TRUE
24,24,TRUE
24,24,TRUE
24,24,TRUE
24,24,TRUE
24,24,TRUE
24,24,TRUE
24,24,TRUE
24,24,TRUE
24,24,TRUE
24,24,TRUE
24,24,TRUE
24,24,TRUE
24,24,TRUE
24,24,TRUE
24,24,TRUE
24,24,TRUE
16,24,FALSE
14,24,FALSE
24,24,TRUE
24,24,TRUE
24,24,TRUE
24,24,TRUE
24,24,TRUE
24,24,TRUE
24,24,TRUE
24,24,TRUE
24,24,TRUE
24,24,TRUE
24,24,TRUE
24,24,TRUE
24,24,TRUE
27,24,FALSE
24,24,TRUE
24,24,TRUE
24,24,TRUE
24,24,TRUE
24,24,TRUE
24,24,TRUE
24,24,TRUE
24,24,TRUE
24,24,TRUE
26,24,FALSE
24,24,TRUE
24,24,TRUE
24,24,TRUE
24,24,TRUE
24,24,TRUE
24,24,TRUE
14,24,FALSE
24,24,TRUE
24,24,TRUE
24,24,TRUE
24,24,TRUE
24,24,TRUE
24,24,TRUE
24,24,TRUE
24,24,TRUE
24,24,TRUE
24,24,TRUE
23,24,FALSE
24,24,TRUE
24,24,TRUE
24,24,TRUE
24,24,TRUE
3,24,FALSE
24,24,TRUE
24,24,TRUE
24,24,TRUE
24,24,TRUE
24,24,TRUE
24,24,TRUE
24,24,TRUE
24,24,TRUE
24,24,TRUE
24,24,TRUE
24,24,TRUE
28,24,FALSE
24,24,TRUE
24,24,TRUE
24,24,TRUE
24,24,TRUE
24,24,TRUE
24,24,TRUE
24,24,TRUE
24,24,TRUE
24,24,TRUE
24,24,TRUE
24,24,TRUE
24,24,TRUE
24,24,TRUE
24,24,TRUE
24,24,TRUE
24,24,TRUE
24,24,TRUE
24,24,TRUE
24,24,TRUE
24,24,TRUE
24,24,TRUE
24,24,TRUE
24,24,TRUE
14,24,FALSE
24,24,TRUE
14,24,FALSE
24,24,TRUE
24,24,TRUE
24,24,TRUE
24,24,TRUE
24,24,TRUE
24,24,TRUE
24,24,TRUE
24,24,TRUE
24,24,TRUE
24,24,TRUE
24,24,TRUE
24,24,TRUE
24,24,TRUE
24,24,TRUE
24,24,TRUE
24,24,TRUE
24,24,TRUE
24,24,TRUE
24,24,TRUE
24,24,TRUE
24,24,TRUE
24,24,TRUE
23,24,FALSE
24,24,TRUE
24,24,TRUE
24,24,TRUE
24,24,TRUE
24,24,TRUE
0,24,FALSE
24,24,TRUE
24,24,TRUE
24,24,TRUE
24,24,TRUE
24,24,TRUE
24,24,TRUE
24,24,TRUE
24,24,TRUE
24,24,TRUE
24,24,TRUE
24,24,TRUE
24,24,TRUE
22,24,FALSE
24,24,TRUE
24,24,TRUE
24,24,TRUE
24,24,TRUE
24,24,TRUE
24,24,TRUE
24,24,TRUE
23,24,FALSE
24,24,TRUE
24,24,TRUE
24,24,TRUE
24,24,TRUE
24,24,TRUE
24,24,TRUE
14,24,FALSE
24,24,TRUE
24,24,TRUE
24,24,TRUE
24,24,TRUE
3,24,FALSE
1,24,FALSE
24,24,TRUE
24,24,TRUE
14,24,FALSE
24,24,TRUE
24,24,TRUE
24,24,TRUE
24,24,TRUE
24,24,TRUE
24,24,TRUE
24,24,TRUE
24,24,TRUE
24,24,TRUE
24,24,TRUE
7,24,FALSE
24,24,TRUE
0,24,FALSE
24,24,TRUE
24,24,TRUE
24,24,TRUE
16,24,FALSE
24,24,TRUE
2,24,FALSE
0,24,FALSE
24,24,TRUE
24,24,TRUE
24,24,TRUE
24,24,TRUE
24,24,TRUE
24,24,TRUE
24,24,TRUE
24,24,TRUE
24,24,TRUE
24,24,TRUE
24,24,TRUE
24,24,TRUE
24,24,TRUE
24,24,TRUE
24,24,TRUE
24,24,TRUE
24,24,TRUE
24,24,TRUE
24,24,TRUE
24,24,TRUE
24,24,TRUE
24,24,TRUE
24,24,TRUE
24,24,TRUE
24,24,TRUE
24,24,TRUE
24,24,TRUE
24,24,TRUE
24,24,TRUE
24,24,TRUE
24,24,TRUE
24,24,TRUE
24,24,TRUE
24,24,TRUE
24,24,TRUE
23,24,FALSE
24,24,TRUE
27,24,FALSE
24,24,TRUE
24,24,TRUE
24,24,TRUE
0,24,FALSE
24,24,TRUE
24,24,TRUE
24,24,TRUE
24,24,TRUE
24,24,TRUE
24,24,TRUE
24,24,TRUE
14,24,FALSE
24,24,TRUE
14,24,FALSE
24,24,TRUE
24,24,TRUE
24,24,TRUE
24,24,TRUE
24,24,TRUE
24,24,TRUE
24,24,TRUE
14,24,FALSE
24,24,TRUE
4,24,FALSE
24,24,TRUE
24,24,TRUE
24,24,TRUE
24,24,TRUE
24,24,TRUE
24,24,TRUE
24,24,TRUE
24,24,TRUE
14,24,FALSE
24,24,TRUE
24,24,TRUE
24,24,TRUE
24,24,TRUE
24,24,TRUE
24,24,TRUE
24,24,TRUE
24,24,TRUE
1,24,FALSE
24,24,TRUE
24,24,TRUE
24,24,TRUE
14,24,FALSE
24,24,TRUE
24,24,TRUE
24,24,TRUE
24,24,TRUE
24,24,TRUE
24,24,TRUE
24,24,TRUE
24,24,TRUE
24,24,TRUE
24,24,TRUE
24,24,TRUE
24,24,TRUE
24,24,TRUE
24,24,TRUE
24,24,TRUE
24,24,TRUE
24,24,TRUE
24,24,TRUE
29,24,FALSE
23,24,FALSE
24,24,TRUE
24,24,TRUE
24,24,TRUE
24,24,TRUE
24,24,TRUE
24,24,TRUE
24,24,TRUE
14,24,FALSE
24,24,TRUE
24,24,TRUE
24,24,TRUE
24,24,TRUE
24,24,TRUE
24,24,TRUE
24,24,TRUE
7,24,FALSE
24,24,TRUE
24,24,TRUE
24,24,TRUE
24,24,TRUE
24,24,TRUE
24,24,TRUE
24,24,TRUE
24,24,TRUE
24,24,TRUE
14,24,FALSE
0,24,FALSE
24,24,TRUE
24,24,TRUE
24,24,TRUE
24,24,TRUE
24,24,TRUE
24,24,TRUE
24,24,TRUE
24,24,TRUE
24,24,TRUE
24,24,TRUE
24,24,TRUE
24,24,TRUE
3,24,FALSE
24,24,TRUE
24,24,TRUE
24,24,TRUE
3,24,FALSE
24,24,TRUE
24,24,TRUE
24,24,TRUE
24,24,TRUE
24,24,TRUE
24,24,TRUE
24,24,TRUE
4,24,FALSE
24,24,TRUE
0,24,FALSE
24,24,TRUE
14,24,FALSE
24,24,TRUE
24,24,TRUE
24,24,TRUE
24,24,TRUE
14,24,FALSE
28,24,FALSE
3,24,FALSE
24,24,TRUE
24,24,TRUE
24,24,TRUE
14,24,FALSE
14,24,FALSE
24,24,TRUE
24,24,TRUE
24,24,TRUE
24,24,TRUE
24,24,TRUE
24,24,TRUE
24,24,TRUE
24,24,TRUE
24,24,TRUE
24,24,TRUE
23,24,FALSE
24,24,TRUE
24,24,TRUE
24,24,TRUE
24,24,TRUE
24,24,TRUE
24,24,TRUE
24,24,TRUE
24,24,TRUE
7,24,FALSE
24,24,TRUE
24,24,TRUE
16,24,FALSE
24,24,TRUE
24,24,TRUE
24,24,TRUE
24,24,TRUE
24,24,TRUE
14,24,FALSE
24,24,TRUE
24,24,TRUE
24,24,TRUE
23,24,FALSE
24,24,TRUE
24,24,TRUE
24,24,TRUE
24,24,TRUE
24,24,TRUE
27,24,FALSE
24,24,TRUE
24,24,TRUE
24,24,TRUE
24,24,TRUE
24,24,TRUE
24,24,TRUE
24,24,TRUE
16,24,FALSE
23,24,FALSE
0,24,FALSE
24,24,TRUE
24,24,TRUE
24,24,TRUE
24,24,TRUE
24,24,TRUE
24,24,TRUE
24,24,TRUE
24,24,TRUE
24,24,TRUE
24,24,TRUE
24,24,TRUE
28,24,FALSE
24,24,TRUE
24,24,TRUE
24,24,TRUE
24,24,TRUE
24,24,TRUE
24,24,TRUE
16,24,FALSE
14,24,FALSE
24,24,TRUE
24,24,TRUE
24,24,TRUE
24,24,TRUE
24,24,TRUE
24,24,TRUE
24,24,TRUE
24,24,TRUE
24,24,TRUE
24,24,TRUE
24,24,TRUE
24,24,TRUE
0,24,FALSE
24,24,TRUE
24,24,TRUE
24,24,TRUE
24,24,TRUE
24,24,TRUE
24,24,TRUE
24,24,TRUE
24,24,TRUE
14,24,FALSE
24,24,TRUE
24,24,TRUE
24,24,TRUE
24,24,TRUE
14,24,FALSE
24,24,TRUE
24,24,TRUE
24,24,TRUE
14,24,FALSE
24,24,TRUE
24,24,TRUE
7,24,FALSE
24,24,TRUE
24,24,TRUE
24,24,TRUE
24,24,TRUE
24,24,TRUE
24,24,TRUE
14,24,FALSE
24,24,TRUE
24,24,TRUE
24,24,TRUE
24,24,TRUE
24,24,TRUE
24,24,TRUE
24,24,TRUE
24,24,TRUE
24,24,TRUE
24,24,TRUE
24,24,TRUE
24,24,TRUE
14,24,FALSE
24,24,TRUE
24,24,TRUE
24,24,TRUE
24,24,TRUE
24,24,TRUE
23,24,FALSE
29,24,FALSE
24,24,TRUE
24,24,TRUE
24,24,TRUE
24,24,TRUE
24,24,TRUE
14,24,FALSE
24,24,TRUE
24,24,TRUE
24,24,TRUE
16,24,FALSE
24,24,TRUE
24,24,TRUE
24,24,TRUE
24,24,TRUE
24,24,TRUE
24,24,TRUE
24,24,TRUE
24,24,TRUE
24,24,TRUE
24,24,TRUE
24,24,TRUE
24,24,TRUE
24,24,TRUE
24,24,TRUE
24,24,TRUE
24,24,TRUE
24,24,TRUE
24,24,TRUE
24,24,TRUE
24,24,TRUE
24,24,TRUE
24,24,TRUE
24,24,TRUE
24,24,TRUE
24,24,TRUE
24,24,TRUE
24,24,TRUE
24,24,TRUE
24,24,TRUE
24,24,TRUE
24,24,TRUE
24,24,TRUE
0,24,FALSE
24,24,TRUE
24,24,TRUE
24,24,TRUE
24,24,TRUE
24,24,TRUE
24,24,TRUE
24,24,TRUE
24,24,TRUE
24,24,TRUE
3,24,FALSE
24,24,TRUE
24,24,TRUE
16,24,FALSE
24,24,TRUE
28,24,FALSE
24,24,TRUE
24,24,TRUE
24,24,TRUE
24,24,TRUE
24,24,TRUE
24,24,TRUE
24,24,TRUE
24,24,TRUE
24,24,TRUE
24,24,TRUE
24,24,TRUE
24,24,TRUE
24,24,TRUE
24,24,TRUE
24,24,TRUE
24,24,TRUE
24,24,TRUE
3,24,FALSE
24,24,TRUE
24,24,TRUE
24,24,TRUE
24,24,TRUE
16,24,FALSE
24,24,TRUE
14,24,FALSE
24,24,TRUE
16,24,FALSE
24,24,TRUE
24,24,TRUE
24,24,TRUE
24,24,TRUE
2,24,FALSE
24,24,TRUE
24,24,TRUE
24,24,TRUE
24,24,TRUE
24,24,TRUE
24,24,TRUE
24,24,TRUE
23,24,FALSE
24,24,TRUE
24,24,TRUE
24,24,TRUE
24,24,TRUE
14,24,FALSE
24,24,TRUE
24,24,TRUE
24,24,TRUE
10,24,FALSE
24,24,TRUE
24,24,TRUE
24,24,TRUE
2,24,FALSE
24,24,TRUE
24,24,TRUE
24,24,TRUE
24,24,TRUE
24,24,TRUE
24,24,TRUE
24,24,TRUE
24,24,TRUE
24,24,TRUE
1,24,FALSE
23,24,FALSE
24,24,TRUE
24,24,TRUE
7,24,FALSE
24,24,TRUE
24,24,TRUE
24,24,TRUE
24,24,TRUE
14,24,FALSE
14,24,FALSE
24,24,TRUE
24,24,TRUE
16,24,FALSE
24,24,TRUE
24,24,TRUE
24,24,TRUE
24,24,TRUE
24,24,TRUE
24,24,TRUE
24,24,TRUE
24,24,TRUE
24,24,TRUE
7,24,FALSE
24,24,TRUE
14,24,FALSE
24,24,TRUE
24,24,TRUE
2,24,FALSE
24,24,TRUE
24,24,TRUE
24,24,TRUE
24,24,TRUE
24,24,TRUE
7,24,FALSE
24,24,TRUE
24,24,TRUE
24,24,TRUE
24,24,TRUE
14,24,FALSE
24,24,TRUE
0,24,FALSE
14,24,FALSE
24,24,TRUE
16,24,FALSE
24,24,TRUE
24,24,TRUE
24,24,TRUE
24,24,TRUE
24,24,TRUE
24,24,TRUE
24,24,TRUE
24,24,TRUE
24,24,TRUE
29,24,FALSE
24,24,TRUE
14,24,FALSE
24,24,TRUE
24,24,TRUE
24,24,TRUE
24,24,TRUE
24,24,TRUE
24,24,TRUE
0,24,FALSE
24,24,TRUE
24,24,TRUE
24,24,TRUE
24,24,TRUE
24,24,TRUE
24,24,TRUE
0,24,FALSE
24,24,TRUE
24,24,TRUE
24,24,TRUE
24,24,TRUE
24,24,TRUE
24,24,TRUE
24,24,TRUE
24,24,TRUE
24,24,TRUE
24,24,TRUE
24,24,TRUE
24,24,TRUE
24,24,TRUE
24,24,TRUE
24,24,TRUE
24,24,TRUE
7,24,FALSE
18,24,FALSE
24,24,TRUE
24,24,TRUE
24,24,TRUE
24,24,TRUE
24,24,TRUE
24,24,TRUE
24,24,TRUE
24,24,TRUE
24,24,TRUE
24,24,TRUE
24,24,TRUE
24,24,TRUE
24,24,TRUE
24,24,TRUE
24,24,TRUE
14,24,FALSE
24,24,TRUE
24,24,TRUE
7,24,FALSE
24,24,TRUE
21,24,FALSE
24,24,TRUE
16,24,FALSE
24,24,TRUE
24,24,TRUE
24,24,TRUE
24,24,TRUE
24,24,TRUE
24,24,TRUE
24,24,TRUE
24,24,TRUE
4,24,FALSE
24,24,TRUE
7,24,FALSE
24,24,TRUE
24,24,TRUE
14,24,FALSE
24,24,TRUE
24,24,TRUE
24,24,TRUE
24,24,TRUE
24,24,TRUE
14,24,FALSE
24,24,TRUE
24,24,TRUE
24,24,TRUE
24,24,TRUE
24,24,TRUE
24,24,TRUE
24,24,TRUE
23,24,FALSE
24,24,TRUE
14,24,FALSE
24,24,TRUE
24,24,TRUE
24,24,TRUE
24,24,TRUE
24,24,TRUE
24,24,TRUE
24,24,TRUE
24,24,TRUE
14,24,FALSE
24,24,TRUE
24,24,TRUE
24,24,TRUE
24,24,TRUE
24,24,TRUE
24,24,TRUE
24,24,TRUE
24,24,TRUE
24,24,TRUE
24,24,TRUE
24,24,TRUE
24,24,TRUE
24,24,TRUE
24,24,TRUE
24,24,TRUE
24,24,TRUE
24,24,TRUE
7,24,FALSE
29,24,FALSE
24,24,TRUE
24,24,TRUE
3,24,FALSE
24,24,TRUE
24,24,TRUE
24,24,TRUE
24,24,TRUE
24,24,TRUE
24,24,TRUE
24,24,TRUE
24,24,TRUE
24,24,TRUE
24,24,TRUE
24,24,TRUE
24,24,TRUE
24,24,TRUE
24,24,TRUE
24,24,TRUE
24,24,TRUE
24,24,TRUE
24,24,TRUE
24,24,TRUE
24,24,TRUE
24,24,TRUE
24,24,TRUE
24,24,TRUE
24,24,TRUE
24,24,TRUE
3,24,FALSE
24,24,TRUE
24,24,TRUE
24,24,TRUE
24,24,TRUE
24,24,TRUE
24,24,TRUE
24,24,TRUE
24,24,TRUE
24,24,TRUE
24,24,TRUE
24,24,TRUE
24,24,TRUE
24,24,TRUE
24,24,TRUE
24,24,TRUE
24,24,TRUE
24,24,TRUE
24,24,TRUE
24,24,TRUE
24,24,TRUE
24,24,TRUE
24,24,TRUE
1,24,FALSE
24,24,TRUE
24,24,TRUE
24,24,TRUE
16,24,FALSE
24,24,TRUE
24,24,TRUE
24,24,TRUE
24,24,TRUE
24,24,TRUE
24,24,TRUE
24,24,TRUE
24,24,TRUE
24,24,TRUE
24,24,TRUE
26,24,FALSE
24,24,TRUE
24,24,TRUE
24,24,TRUE
24,24,TRUE
24,24,TRUE
24,24,TRUE
27,24,FALSE
3,24,FALSE
26,24,FALSE
26,24,FALSE
24,24,TRUE
24,24,TRUE
24,24,TRUE
24,24,TRUE
24,24,TRUE
24,24,TRUE
24,24,TRUE
0,24,FALSE
14,24,FALSE
24,24,TRUE
24,24,TRUE
24,24,TRUE
24,24,TRUE
7,24,FALSE
24,24,TRUE
24,24,TRUE
24,24,TRUE
24,24,TRUE
24,24,TRUE
24,24,TRUE
24,24,TRUE
24,24,TRUE
24,24,TRUE
24,24,TRUE
24,24,TRUE
24,24,TRUE
24,24,TRUE
24,24,TRUE
24,24,TRUE
24,24,TRUE
16,24,FALSE
24,24,TRUE
24,24,TRUE
24,24,TRUE
24,24,TRUE
24,24,TRUE
24,24,TRUE
24,24,TRUE
24,24,TRUE
3,24,FALSE
24,24,TRUE
24,24,TRUE
24,24,TRUE
24,24,TRUE
24,24,TRUE
24,24,TRUE
24,24,TRUE
24,24,TRUE
24,24,TRUE
24,24,TRUE
27,24,FALSE
24,24,TRUE
14,24,FALSE
24,24,TRUE
24,24,TRUE
24,24,TRUE
13,24,FALSE
24,24,TRUE
24,24,TRUE
2,24,FALSE
24,24,TRUE
24,24,TRUE
24,24,TRUE
24,24,TRUE
24,24,TRUE
24,24,TRUE
24,24,TRUE
24,24,TRUE
24,24,TRUE
24,24,TRUE
24,24,TRUE
24,24,TRUE
24,24,TRUE
24,24,TRUE
0,24,FALSE
24,24,TRUE
24,24,TRUE
14,24,FALSE
24,24,TRUE
24,24,TRUE
24,24,TRUE
24,24,TRUE
7,24,FALSE
24,24,TRUE
24,24,TRUE
24,24,TRUE
24,24,TRUE
24,24,TRUE
24,24,TRUE
24,24,TRUE
24,24,TRUE
24,24,TRUE
24,24,TRUE
1,24,FALSE
24,24,TRUE
24,24,TRUE
24,24,TRUE
24,24,TRUE
24,24,TRUE
24,24,TRUE
28,24,FALSE
3,24,FALSE
24,24,TRUE
24,24,TRUE
14,24,FALSE
24,24,TRUE
24,24,TRUE
24,24,TRUE
24,24,TRUE
24,24,TRUE
24,24,TRUE
24,24,TRUE
24,24,TRUE
24,24,TRUE
24,24,TRUE
24,24,TRUE
24,24,TRUE
24,24,TRUE
24,24,TRUE
24,24,TRUE
24,24,TRUE
24,24,TRUE
14,24,FALSE
24,24,TRUE
24,24,TRUE
23,24,FALSE
24,24,TRUE
24,24,TRUE
14,24,FALSE
24,24,TRUE
24,24,TRUE
24,24,TRUE
24,24,TRUE
24,24,TRUE
24,24,TRUE
24,24,TRUE
24,24,TRUE
24,24,TRUE
24,24,TRUE
24,24,TRUE
24,24,TRUE
24,24,TRUE
24,24,TRUE
0,24,FALSE
24,24,TRUE
24,24,TRUE
10,24,FALSE
24,24,TRUE
7,24,FALSE
24,24,TRUE
24,24,TRUE
24,24,TRUE
16,24,FALSE
24,24,TRUE
24,24,TRUE
24,24,TRUE
24,24,TRUE
24,24,TRUE
24,24,TRUE
24,24,TRUE
24,24,TRUE
14,24,FALSE
24,24,TRUE
24,24,TRUE
24,24,TRUE
24,24,TRUE
24,24,TRUE
24,24,TRUE
2,24,FALSE
14,24,FALSE
23,24,FALSE
24,24,TRUE
14,24,FALSE
24,24,TRUE
24,24,TRUE
0,24,FALSE
24,24,TRUE
24,24,TRUE
24,24,TRUE
24,24,TRUE
24,24,TRUE
24,24,TRUE
24,24,TRUE
24,24,TRUE
24,24,TRUE
24,24,TRUE
24,24,TRUE
23,24,FALSE
24,24,TRUE
24,24,TRUE
24,24,TRUE
29,24,FALSE
24,24,TRUE
24,24,TRUE
24,24,TRUE
24,24,TRUE
23,24,FALSE
24,24,TRUE
24,24,TRUE
24,24,TRUE
24,24,TRUE
24,24,TRUE
24,24,TRUE
24,24,TRUE
24,24,TRUE
24,24,TRUE
24,24,TRUE
24,24,TRUE
14,24,FALSE
24,24,TRUE
24,24,TRUE
24,24,TRUE
24,24,TRUE
24,24,TRUE
24,24,TRUE
24,24,TRUE
24,24,TRUE
24,24,TRUE
24,24,TRUE
24,24,TRUE
24,24,TRUE
24,24,TRUE
27,24,FALSE
24,24,TRUE
24,24,TRUE
24,24,TRUE
14,24,FALSE
14,24,FALSE
24,24,TRUE
24,24,TRUE
24,24,TRUE
24,24,TRUE
0,24,FALSE
24,24,TRUE
24,24,TRUE
24,24,TRUE
24,24,TRUE
24,24,TRUE
24,24,TRUE
24,24,TRUE
24,24,TRUE
14,24,FALSE
24,24,TRUE
16,24,FALSE
24,24,TRUE
24,24,TRUE
24,24,TRUE
24,24,TRUE
24,24,TRUE
24,24,TRUE
14,24,FALSE
24,24,TRUE
24,24,TRUE
24,24,TRUE
24,24,TRUE
24,24,TRUE
24,24,TRUE
24,24,TRUE
24,24,TRUE
24,24,TRUE
24,24,TRUE
24,24,TRUE
24,24,TRUE
16,24,FALSE
24,24,TRUE
24,24,TRUE
16,24,FALSE
24,24,TRUE
24,24,TRUE
24,24,TRUE
24,24,TRUE
24,24,TRUE
24,24,TRUE
24,24,TRUE
3,24,FALSE
24,24,TRUE
24,24,TRUE
24,24,TRUE
24,24,TRUE
24,24,TRUE
24,24,TRUE
24,24,TRUE
24,24,TRUE
24,24,TRUE
14,24,FALSE
24,24,TRUE
27,24,FALSE
24,24,TRUE
24,24,TRUE
24,24,TRUE
24,24,TRUE
24,24,TRUE
24,24,TRUE
24,24,TRUE
24,24,TRUE
24,24,TRUE
24,24,TRUE
24,24,TRUE
24,24,TRUE
24,24,TRUE
24,24,TRUE
24,24,TRUE
24,24,TRUE
24,24,TRUE
24,24,TRUE
24,24,TRUE
24,24,TRUE
24,24,TRUE
24,24,TRUE
24,24,TRUE
24,24,TRUE
24,24,TRUE
24,24,TRUE
24,24,TRUE
24,24,TRUE
24,24,TRUE
24,24,TRUE
24,24,TRUE
24,24,TRUE
24,24,TRUE
24,24,TRUE
24,24,TRUE
24,24,TRUE
24,24,TRUE
24,24,TRUE
24,24,TRUE
24,24,TRUE
24,24,TRUE
24,24,TRUE
24,24,TRUE
24,24,TRUE
24,24,TRUE
24,24,TRUE
24,24,TRUE
24,24,TRUE
24,24,TRUE
24,24,TRUE
24,24,TRUE
24,24,TRUE
24,24,TRUE
24,24,TRUE
24,24,TRUE
24,24,TRUE
24,24,TRUE
24,24,TRUE
24,24,TRUE
24,24,TRUE
14,24,FALSE
24,24,TRUE
0,24,FALSE
24,24,TRUE
14,24,FALSE
26,24,FALSE
24,24,TRUE
24,24,TRUE
24,24,TRUE
24,24,TRUE
24,24,TRUE
24,24,TRUE
24,24,TRUE
24,24,TRUE
24,24,TRUE
24,24,TRUE
24,24,TRUE
24,24,TRUE
16,24,FALSE
14,24,FALSE
24,24,TRUE
4,24,FALSE
24,24,TRUE
24,24,TRUE
24,24,TRUE
24,24,TRUE
24,24,TRUE
24,24,TRUE
24,24,TRUE
24,24,TRUE
18,24,FALSE
7,24,FALSE
24,24,TRUE
24,24,TRUE
24,24,TRUE
24,24,TRUE
24,24,TRUE
24,24,TRUE
16,24,FALSE
24,24,TRUE
0,24,FALSE
24,24,TRUE
24,24,TRUE
24,24,TRUE
24,24,TRUE
24,24,TRUE
24,24,TRUE
24,24,TRUE
24,24,TRUE
24,24,TRUE
24,24,TRUE
24,24,TRUE
24,24,TRUE
24,24,TRUE
24,24,TRUE
24,24,TRUE
24,24,TRUE
0,24,FALSE
24,24,TRUE
24,24,TRUE
24,24,TRUE
24,24,TRUE
24,24,TRUE
14,24,FALSE
24,24,TRUE
26,24,FALSE
24,24,TRUE
24,24,TRUE
24,24,TRUE
24,24,TRUE
24,24,TRUE
3,24,FALSE
24,24,TRUE
24,24,TRUE
24,24,TRUE
24,24,TRUE
24,24,TRUE
3,24,FALSE
24,24,TRUE
24,24,TRUE
24,24,TRUE
24,24,TRUE
24,24,TRUE
24,24,TRUE
24,24,TRUE
24,24,TRUE
24,24,TRUE
14,24,FALSE
24,24,TRUE
24,24,TRUE
24,24,TRUE
7,24,FALSE
4,24,FALSE
24,24,TRUE
24,24,TRUE
24,24,TRUE
14,24,FALSE
24,24,TRUE
24,24,TRUE
24,24,TRUE
27,24,FALSE
24,24,TRUE
24,24,TRUE
24,24,TRUE
24,24,TRUE
14,24,FALSE
24,24,TRUE
24,24,TRUE
24,24,TRUE
24,24,TRUE
16,24,FALSE
7,24,FALSE
24,24,TRUE
3,24,FALSE
24,24,TRUE
24,24,TRUE
24,24,TRUE
3,24,FALSE
24,24,TRUE
24,24,TRUE
24,24,TRUE
24,24,TRUE
24,24,TRUE
0,24,FALSE
24,24,TRUE
24,24,TRUE
24,24,TRUE
24,24,TRUE
14,24,FALSE
24,24,TRUE
24,24,TRUE
24,24,TRUE
14,24,FALSE
24,24,TRUE
24,24,TRUE
24,24,TRUE
24,24,TRUE
24,24,TRUE
24,24,TRUE
14,24,FALSE
24,24,TRUE
24,24,TRUE
14,24,FALSE
24,24,TRUE
24,24,TRUE
24,24,TRUE
24,24,TRUE
24,24,TRUE
24,24,TRUE
24,24,TRUE
24,24,TRUE
24,24,TRUE
24,24,TRUE
24,24,TRUE
24,24,TRUE
24,24,TRUE
24,24,TRUE
14,24,FALSE
24,24,TRUE
23,24,FALSE
24,24,TRUE
24,24,TRUE
24,24,TRUE
24,24,TRUE
24,24,TRUE
16,24,FALSE
24,24,TRUE
3,24,FALSE
14,24,FALSE
24,24,TRUE
29,24,FALSE
24,24,TRUE
14,24,FALSE
3,24,FALSE
24,24,TRUE
24,24,TRUE
24,24,TRUE
24,24,TRUE
24,24,TRUE
24,24,TRUE
24,24,TRUE
7,24,FALSE
24,24,TRUE
24,24,TRUE
24,24,TRUE
24,24,TRUE
24,24,TRUE
24,24,TRUE
24,24,TRUE
23,24,FALSE
24,24,TRUE
24,24,TRUE
24,24,TRUE
14,24,FALSE
24,24,TRUE
24,24,TRUE
24,24,TRUE
24,24,TRUE
24,24,TRUE
24,24,TRUE
24,24,TRUE
24,24,TRUE
24,24,TRUE
24,24,TRUE
24,24,TRUE
24,24,TRUE
24,24,TRUE
24,24,TRUE
24,24,TRUE
24,24,TRUE
24,24,TRUE
0,24,FALSE
24,24,TRUE
24,24,TRUE
24,24,TRUE
24,24,TRUE
24,24,TRUE
24,24,TRUE
24,24,TRUE
24,24,TRUE
24,24,TRUE
24,24,TRUE
24,24,TRUE
24,24,TRUE
24,24,TRUE
0,24,FALSE
24,24,TRUE
24,24,TRUE
24,24,TRUE
24,24,TRUE
24,24,TRUE
24,24,TRUE
24,24,TRUE
24,24,TRUE
24,24,TRUE
24,24,TRUE
24,24,TRUE
24,24,TRUE
14,24,FALSE
24,24,TRUE
24,24,TRUE
24,24,TRUE
24,24,TRUE
24,24,TRUE
24,24,TRUE
14,24,FALSE
24,24,TRUE
24,24,TRUE
24,24,TRUE
24,24,TRUE
14,24,FALSE
24,24,TRUE
24,24,TRUE
24,24,TRUE
24,24,TRUE
24,24,TRUE
24,24,TRUE
23,24,FALSE
27,24,FALSE
24,24,TRUE
24,24,TRUE
24,24,TRUE
24,24,TRUE
7,24,FALSE
24,24,TRUE
24,24,TRUE
24,24,TRUE
16,24,FALSE
24,24,TRUE
24,24,TRUE
24,24,TRUE
24,24,TRUE
24,24,TRUE
23,24,FALSE
24,24,TRUE
23,24,FALSE
14,24,FALSE
24,24,TRUE
24,24,TRUE
26,24,FALSE
24,24,TRUE
24,24,TRUE
14,24,FALSE
24,24,TRUE
24,24,TRUE
24,24,TRUE
24,24,TRUE
24,24,TRUE
24,24,TRUE
24,24,TRUE
21,24,FALSE
24,24,TRUE
14,24,FALSE
24,24,TRUE
0,24,FALSE
24,24,TRUE
24,24,TRUE
24,24,TRUE
24,24,TRUE
28,24,FALSE
0,24,FALSE
29,24,FALSE
24,24,TRUE
24,24,TRUE
24,24,TRUE
24,24,TRUE
24,24,TRUE
23,24,FALSE
24,24,TRUE
24,24,TRUE
24,24,TRUE
24,24,TRUE
24,24,TRUE
24,24,TRUE
24,24,TRUE
24,24,TRUE
24,24,TRUE
24,24,TRUE
24,24,TRUE
24,24,TRUE
24,24,TRUE
24,24,TRUE
24,24,TRUE
16,24,FALSE
24,24,TRUE
24,24,TRUE
24,24,TRUE
24,24,TRUE
24,24,TRUE
24,24,TRUE
24,24,TRUE
24,24,TRUE
24,24,TRUE
24,24,TRUE
24,24,TRUE
24,24,TRUE
24,24,TRUE
4,24,FALSE
24,24,TRUE
14,24,FALSE
14,24,FALSE
24,24,TRUE
27,24,FALSE
24,24,TRUE
24,24,TRUE
24,24,TRUE
24,24,TRUE
24,24,TRUE
24,24,TRUE
24,24,TRUE
24,24,TRUE
24,24,TRUE
24,24,TRUE
24,24,TRUE
24,24,TRUE
24,24,TRUE
24,24,TRUE
24,24,TRUE
1,24,FALSE
24,24,TRUE
7,24,FALSE
10,24,FALSE
24,24,TRUE
24,24,TRUE
24,24,TRUE
24,24,TRUE
24,24,TRUE
24,24,TRUE
24,24,TRUE
0,24,FALSE
24,24,TRUE
24,24,TRUE
24,24,TRUE
24,24,TRUE
24,24,TRUE
24,24,TRUE
24,24,TRUE
16,24,FALSE
24,24,TRUE
24,24,TRUE
24,24,TRUE
24,24,TRUE
24,24,TRUE
24,24,TRUE
24,24,TRUE
24,24,TRUE
24,24,TRUE
24,24,TRUE
17,24,FALSE
24,24,TRUE
16,24,FALSE
24,24,TRUE
24,24,TRUE
24,24,TRUE
24,24,TRUE
24,24,TRUE
24,24,TRUE
18,24,FALSE
19,24,FALSE
24,24,TRUE
24,24,TRUE
24,24,TRUE
24,24,TRUE
0,24,FALSE
24,24,TRUE
24,24,TRUE
24,24,TRUE
24,24,TRUE
24,24,TRUE
24,24,TRUE
24,24,TRUE
24,24,TRUE
26,24,FALSE
24,24,TRUE
14,24,FALSE
24,24,TRUE
24,24,TRUE
24,24,TRUE
27,24,FALSE
24,24,TRUE
24,24,TRUE
24,24,TRUE
24,24,TRUE
24,24,TRUE
24,24,TRUE
24,24,TRUE
24,24,TRUE
24,24,TRUE
24,24,TRUE
24,24,TRUE
4,24,FALSE
14,24,FALSE
27,24,FALSE
24,24,TRUE
16,24,FALSE
16,24,FALSE
24,24,TRUE
24,24,TRUE
24,24,TRUE
24,24,TRUE
24,24,TRUE
24,24,TRUE
24,24,TRUE
29,24,FALSE
24,24,TRUE
24,24,TRUE
24,24,TRUE
24,24,TRUE
24,24,TRUE
23,24,FALSE
24,24,TRUE
24,24,TRUE
24,24,TRUE
24,24,TRUE
24,24,TRUE
24,24,TRUE
0,24,FALSE
24,24,TRUE
24,24,TRUE
24,24,TRUE
24,24,TRUE
14,24,FALSE
24,24,TRUE
24,24,TRUE
28,24,FALSE
24,24,TRUE
24,24,TRUE
24,24,TRUE
24,24,TRUE
24,24,TRUE
24,24,TRUE
24,24,TRUE
24,24,TRUE
24,24,TRUE
24,24,TRUE
0,24,FALSE
23,24,FALSE
24,24,TRUE
24,24,TRUE
24,24,TRUE
24,24,TRUE
24,24,TRUE
24,24,TRUE
24,24,TRUE
24,24,TRUE
24,24,TRUE
24,24,TRUE
24,24,TRUE
24,24,TRUE
24,24,TRUE
24,24,TRUE
0,24,FALSE
24,24,TRUE
24,24,TRUE
24,24,TRUE
24,24,TRUE
14,24,FALSE
24,24,TRUE
24,24,TRUE
24,24,TRUE
24,24,TRUE
24,24,TRUE
24,24,TRUE
24,24,TRUE
24,24,TRUE
24,24,TRUE
24,24,TRUE
24,24,TRUE
0,24,FALSE
24,24,TRUE
24,24,TRUE
24,24,TRUE
24,24,TRUE
24,24,TRUE
24,24,TRUE
24,24,TRUE
24,24,TRUE
24,24,TRUE
14,24,FALSE
24,24,TRUE
24,24,TRUE
24,24,TRUE
24,24,TRUE
24,24,TRUE
7,24,FALSE
24,24,TRUE
24,24,TRUE
24,24,TRUE
3,24,FALSE
24,24,TRUE
24,24,TRUE
24,24,TRUE
14,24,FALSE
16,24,FALSE
24,24,TRUE
24,24,TRUE
24,24,TRUE
24,24,TRUE
24,24,TRUE
28,24,FALSE
24,24,TRUE
24,24,TRUE
24,24,TRUE
24,24,TRUE
24,24,TRUE
24,24,TRUE
24,24,TRUE
24,24,TRUE
24,24,TRUE
24,24,TRUE
24,24,TRUE
24,24,TRUE
24,24,TRUE
7,24,FALSE
24,24,TRUE
24,24,TRUE
24,24,TRUE
24,24,TRUE
24,24,TRUE
24,24,TRUE
24,24,TRUE
24,24,TRUE
24,24,TRUE
24,24,TRUE
24,24,TRUE
24,24,TRUE
24,24,TRUE
24,24,TRUE
24,24,TRUE
24,24,TRUE
24,24,TRUE
24,24,TRUE
22,24,FALSE
24,24,TRUE
14,24,FALSE
14,24,FALSE
24,24,TRUE
24,24,TRUE
24,24,TRUE
24,24,TRUE
24,24,TRUE
24,24,TRUE
24,24,TRUE
24,24,TRUE
24,24,TRUE
24,24,TRUE
24,24,TRUE
24,24,TRUE
24,24,TRUE
24,24,TRUE
24,24,TRUE
24,24,TRUE
24,24,TRUE
24,24,TRUE
24,24,TRUE
24,24,TRUE
24,24,TRUE
24,24,TRUE
24,24,TRUE
24,24,TRUE
24,24,TRUE
24,24,TRUE
24,24,TRUE
24,24,TRUE
3,24,FALSE
24,24,TRUE
4,24,FALSE
24,24,TRUE
24,24,TRUE
24,24,TRUE
24,24,TRUE
24,24,TRUE
24,24,TRUE
24,24,TRUE
24,24,TRUE
24,24,TRUE
24,24,TRUE
24,24,TRUE
24,24,TRUE
24,24,TRUE
24,24,TRUE
24,24,TRUE
24,24,TRUE
24,24,TRUE
24,24,TRUE
24,24,TRUE
24,24,TRUE
24,24,TRUE
24,24,TRUE
24,24,TRUE
24,24,TRUE
24,24,TRUE
24,24,TRUE
24,24,TRUE
24,24,TRUE
24,24,TRUE
24,24,TRUE
24,24,TRUE
24,24,TRUE
24,24,TRUE
24,24,TRUE
24,24,TRUE
24,24,TRUE
24,24,TRUE
16,24,FALSE
0,24,FALSE
24,24,TRUE
3,24,FALSE
24,24,TRUE
24,24,TRUE
24,24,TRUE
24,24,TRUE
24,24,TRUE
24,24,TRUE
24,24,TRUE
24,24,TRUE
14,24,FALSE
24,24,TRUE
24,24,TRUE
24,24,TRUE
24,24,TRUE
24,24,TRUE
24,24,TRUE
24,24,TRUE
24,24,TRUE
24,24,TRUE
24,24,TRUE
24,24,TRUE
14,24,FALSE
24,24,TRUE
24,24,TRUE
24,24,TRUE
24,24,TRUE
24,24,TRUE
24,24,TRUE
24,24,TRUE
0,24,FALSE
24,24,TRUE
24,24,TRUE
24,24,TRUE
24,24,TRUE
24,24,TRUE
24,24,TRUE
24,24,TRUE
24,24,TRUE
24,24,TRUE
24,24,TRUE
24,24,TRUE
24,24,TRUE
24,24,TRUE
24,24,TRUE
24,24,TRUE
24,24,TRUE
24,24,TRUE
24,24,TRUE
16,24,FALSE
24,24,TRUE
24,24,TRUE
24,24,TRUE
24,24,TRUE
24,24,TRUE
16,24,FALSE
24,24,TRUE
24,24,TRUE
24,24,TRUE
24,24,TRUE
28,24,FALSE
14,24,FALSE
24,24,TRUE
24,24,TRUE
24,24,TRUE
2,24,FALSE
24,24,TRUE
24,24,TRUE
24,24,TRUE
24,24,TRUE
24,24,TRUE
24,24,TRUE
24,24,TRUE
29,24,FALSE
24,24,TRUE
24,24,TRUE
24,24,TRUE
24,24,TRUE
14,24,FALSE
27,24,FALSE
24,24,TRUE
14,24,FALSE
24,24,TRUE
24,24,TRUE
24,24,TRUE
24,24,TRUE
24,24,TRUE
24,24,TRUE
24,24,TRUE
24,24,TRUE
14,24,FALSE
24,24,TRUE
24,24,TRUE
24,24,TRUE
24,24,TRUE
24,24,TRUE
24,24,TRUE
27,24,FALSE
7,24,FALSE
24,24,TRUE
14,24,FALSE
24,24,TRUE
24,24,TRUE
24,24,TRUE
24,24,TRUE
24,24,TRUE
29,24,FALSE
24,24,TRUE
14,24,FALSE
24,24,TRUE
24,24,TRUE
24,24,TRUE
27,24,FALSE
24,24,TRUE
24,24,TRUE
3,24,FALSE
24,24,TRUE
24,24,TRUE
14,24,FALSE
24,24,TRUE
24,24,TRUE
24,24,TRUE
4,24,FALSE
24,24,TRUE
24,24,TRUE
24,24,TRUE
24,24,TRUE
24,24,TRUE
24,24,TRUE
14,24,FALSE
24,24,TRUE
14,24,FALSE
24,24,TRUE
24,24,TRUE
24,24,TRUE
24,24,TRUE
24,24,TRUE
24,24,TRUE
24,24,TRUE
24,24,TRUE
24,24,TRUE
24,24,TRUE
24,24,TRUE
24,24,TRUE
14,24,FALSE
24,24,TRUE
14,24,FALSE
24,24,TRUE
24,24,TRUE
24,24,TRUE
24,24,TRUE
24,24,TRUE
24,24,TRUE
24,24,TRUE
24,24,TRUE
24,24,TRUE
24,24,TRUE
24,24,TRUE
24,24,TRUE
24,24,TRUE
24,24,TRUE
24,24,TRUE
24,24,TRUE
24,24,TRUE
14,24,FALSE
24,24,TRUE
24,24,TRUE
24,24,TRUE
24,24,TRUE
24,24,TRUE
24,24,TRUE
24,24,TRUE
24,24,TRUE
24,24,TRUE
24,24,TRUE
24,24,TRUE
24,24,TRUE
24,24,TRUE
24,24,TRUE
24,24,TRUE
24,24,TRUE
24,24,TRUE
23,24,FALSE
24,24,TRUE
24,24,TRUE
24,24,TRUE
24,24,TRUE
24,24,TRUE
23,24,FALSE
24,24,TRUE
28,24,FALSE
24,24,TRUE
24,24,TRUE
24,24,TRUE
24,24,TRUE
24,24,TRUE
24,24,TRUE
24,24,TRUE
24,24,TRUE
24,24,TRUE
24,24,TRUE
24,24,TRUE
24,24,TRUE
24,24,TRUE
14,24,FALSE
24,24,TRUE
14,24,FALSE
28,24,FALSE
1,24,FALSE
29,24,FALSE
24,24,TRUE
24,24,TRUE
24,24,TRUE
26,24,FALSE
24,24,TRUE
24,24,TRUE
24,24,TRUE
27,24,FALSE
14,24,FALSE
0,24,FALSE
24,24,TRUE
24,24,TRUE
18,24,FALSE
24,24,TRUE
24,24,TRUE
24,24,TRUE
24,24,TRUE
24,24,TRUE
24,24,TRUE
24,24,TRUE
24,24,TRUE
24,24,TRUE
14,24,FALSE
24,24,TRUE
24,24,TRUE
4,24,FALSE
24,24,TRUE
29,24,FALSE
24,24,TRUE
24,24,TRUE
24,24,TRUE
16,24,FALSE
24,24,TRUE
0,24,FALSE
24,24,TRUE
24,24,TRUE
24,24,TRUE
24,24,TRUE
14,24,FALSE
24,24,TRUE
24,24,TRUE
24,24,TRUE
24,24,TRUE
24,24,TRUE
24,24,TRUE
24,24,TRUE
2,24,FALSE
24,24,TRUE
24,24,TRUE
24,24,TRUE
16,24,FALSE
24,24,TRUE
24,24,TRUE
14,24,FALSE
24,24,TRUE
24,24,TRUE
24,24,TRUE
24,24,TRUE
24,24,TRUE
24,24,TRUE
24,24,TRUE
24,24,TRUE
24,24,TRUE
24,24,TRUE
24,24,TRUE
24,24,TRUE
14,24,FALSE
24,24,TRUE
24,24,TRUE
24,24,TRUE
14,24,FALSE
24,24,TRUE
24,24,TRUE
24,24,TRUE
24,24,TRUE
24,24,TRUE
24,24,TRUE
24,24,TRUE
24,24,TRUE
24,24,TRUE
24,24,TRUE
24,24,TRUE
24,24,TRUE
24,24,TRUE
24,24,TRUE
24,24,TRUE
7,24,FALSE
24,24,TRUE
24,24,TRUE
24,24,TRUE
24,24,TRUE
24,24,TRUE
24,24,TRUE
24,24,TRUE
24,24,TRUE
24,24,TRUE
24,24,TRUE
28,24,FALSE
24,24,TRUE
3,24,FALSE
24,24,TRUE
24,24,TRUE
24,24,TRUE
24,24,TRUE
24,24,TRUE
24,24,TRUE
24,24,TRUE
24,24,TRUE
24,24,TRUE
24,24,TRUE
24,24,TRUE
24,24,TRUE
24,24,TRUE
24,24,TRUE
24,24,TRUE
24,24,TRUE
24,24,TRUE
24,24,TRUE
24,24,TRUE
24,24,TRUE
24,24,TRUE
24,24,TRUE
24,24,TRUE
24,24,TRUE
24,24,TRUE
24,24,TRUE
24,24,TRUE
28,24,FALSE
24,24,TRUE
24,24,TRUE
24,24,TRUE
24,24,TRUE
24,24,TRUE
24,24,TRUE
24,24,TRUE
24,24,TRUE
7,24,FALSE
24,24,TRUE
24,24,TRUE
24,24,TRUE
7,24,FALSE
24,24,TRUE
24,24,TRUE
24,24,TRUE
24,24,TRUE
24,24,TRUE
24,24,TRUE
1,24,FALSE
24,24,TRUE
24,24,TRUE
24,24,TRUE
24,24,TRUE
16,24,FALSE
24,24,TRUE
24,24,TRUE
24,24,TRUE
24,24,TRUE
24,24,TRUE
24,24,TRUE
24,24,TRUE
14,24,FALSE
24,24,TRUE
24,24,TRUE
24,24,TRUE
24,24,TRUE
24,24,TRUE
24,24,TRUE
24,24,TRUE
24,24,TRUE
24,24,TRUE
24,24,TRUE
16,24,FALSE
24,24,TRUE
24,24,TRUE
24,24,TRUE
27,24,FALSE
24,24,TRUE
24,24,TRUE
0,24,FALSE
24,24,TRUE
24,24,TRUE
24,24,TRUE
24,24,TRUE
24,24,TRUE
24,24,TRUE
24,24,TRUE
24,24,TRUE
24,24,TRUE
24,24,TRUE
24,24,TRUE
24,24,TRUE
24,24,TRUE
24,24,TRUE
24,24,TRUE
24,24,TRUE
24,24,TRUE
24,24,TRUE
24,24,TRUE
24,24,TRUE
29,24,FALSE
24,24,TRUE
24,24,TRUE
24,24,TRUE
24,24,TRUE
24,24,TRUE
24,24,TRUE
24,24,TRUE
14,24,FALSE
16,24,FALSE
24,24,TRUE
23,24,FALSE
24,24,TRUE
24,24,TRUE
24,24,TRUE
24,24,TRUE
24,24,TRUE
24,24,TRUE
24,24,TRUE
24,24,TRUE
14,24,FALSE
24,24,TRUE
24,24,TRUE
24,24,TRUE
24,24,TRUE
24,24,TRUE
24,24,TRUE
24,24,TRUE
24,24,TRUE
23,24,FALSE
24,24,TRUE
24,24,TRUE
24,24,TRUE
24,24,TRUE
24,24,TRUE
24,24,TRUE
24,24,TRUE
24,24,TRUE
24,24,TRUE
24,24,TRUE
24,24,TRUE
28,24,FALSE
24,24,TRUE
24,24,TRUE
24,24,TRUE
24,24,TRUE
24,24,TRUE
14,24,FALSE
24,24,TRUE
24,24,TRUE
24,24,TRUE
24,24,TRUE
24,24,TRUE
24,24,TRUE
24,24,TRUE
24,24,TRUE
0,24,FALSE
24,24,TRUE
24,24,TRUE
24,24,TRUE
24,24,TRUE
3,24,FALSE
24,24,TRUE
24,24,TRUE
24,24,TRUE
24,24,TRUE
24,24,TRUE
16,24,FALSE
24,24,TRUE
24,24,TRUE
24,24,TRUE
14,24,FALSE
24,24,TRUE
24,24,TRUE
24,24,TRUE
24,24,TRUE
24,24,TRUE
24,24,TRUE
24,24,TRUE
24,24,TRUE
7,24,FALSE
24,24,TRUE
24,24,TRUE
24,24,TRUE
24,24,TRUE
24,24,TRUE
24,24,TRUE
24,24,TRUE
24,24,TRUE
24,24,TRUE
24,24,TRUE
24,24,TRUE
24,24,TRUE
24,24,TRUE
24,24,TRUE
14,24,FALSE
24,24,TRUE
27,24,FALSE
24,24,TRUE
24,24,TRUE
24,24,TRUE
24,24,TRUE
24,24,TRUE
14,24,FALSE
24,24,TRUE
24,24,TRUE
24,24,TRUE
24,24,TRUE
24,24,TRUE
24,24,TRUE
23,24,FALSE
24,24,TRUE
24,24,TRUE
24,24,TRUE
24,24,TRUE
24,24,TRUE
24,24,TRUE
24,24,TRUE
24,24,TRUE
24,24,TRUE
24,24,TRUE
24,24,TRUE
14,24,FALSE
24,24,TRUE
24,24,TRUE
24,24,TRUE
24,24,TRUE
24,24,TRUE
14,24,FALSE
24,24,TRUE
24,24,TRUE
24,24,TRUE
24,24,TRUE
24,24,TRUE
24,24,TRUE
24,24,TRUE
24,24,TRUE
24,24,TRUE
3,24,FALSE
24,24,TRUE
24,24,TRUE
24,24,TRUE
24,24,TRUE
24,24,TRUE
16,24,FALSE
24,24,TRUE
24,24,TRUE
14,24,FALSE
24,24,TRUE
24,24,TRUE
24,24,TRUE
24,24,TRUE
24,24,TRUE
16,24,FALSE
24,24,TRUE
24,24,TRUE
9,24,FALSE
24,24,TRUE
24,24,TRUE
16,24,FALSE
24,24,TRUE
24,24,TRUE
7,24,FALSE
24,24,TRUE
24,24,TRUE
24,24,TRUE
24,24,TRUE
24,24,TRUE
14,24,FALSE
24,24,TRUE
24,24,TRUE
24,24,TRUE
24,24,TRUE
24,24,TRUE
24,24,TRUE
24,24,TRUE
24,24,TRUE
24,24,TRUE
24,24,TRUE
24,24,TRUE
24,24,TRUE
0,24,FALSE
24,24,TRUE
4,24,FALSE
24,24,TRUE
24,24,TRUE
24,24,TRUE
24,24,TRUE
14,24,FALSE
14,24,FALSE
24,24,TRUE
24,24,TRUE
24,24,TRUE
24,24,TRUE
24,24,TRUE
24,24,TRUE
14,24,FALSE
24,24,TRUE
24,24,TRUE
24,24,TRUE
24,24,TRUE
24,24,TRUE
24,24,TRUE
24,24,TRUE
24,24,TRUE
24,24,TRUE
24,24,TRUE
3,24,FALSE
3,24,FALSE
24,24,TRUE
24,24,TRUE
24,24,TRUE
24,24,TRUE
24,24,TRUE
24,24,TRUE
24,24,TRUE
24,24,TRUE
24,24,TRUE
24,24,TRUE
24,24,TRUE
24,24,TRUE
23,24,FALSE
24,24,TRUE
24,24,TRUE
24,24,TRUE
24,24,TRUE
24,24,TRUE
24,24,TRUE
24,24,TRUE
24,24,TRUE
24,24,TRUE
24,24,TRUE
24,24,TRUE
24,24,TRUE
24,24,TRUE
24,24,TRUE
24,24,TRUE
24,24,TRUE
24,24,TRUE
24,24,TRUE
24,24,TRUE
14,24,FALSE
24,24,TRUE
24,24,TRUE
24,24,TRUE
24,24,TRUE
24,24,TRUE
24,24,TRUE
24,24,TRUE
29,24,FALSE
24,24,TRUE
24,24,TRUE
14,24,FALSE
24,24,TRUE
24,24,TRUE
24,24,TRUE
24,24,TRUE
24,24,TRUE
24,24,TRUE
24,24,TRUE
24,24,TRUE
24,24,TRUE
24,24,TRUE
24,24,TRUE
24,24,TRUE
24,24,TRUE
24,24,TRUE
24,24,TRUE
24,24,TRUE
24,24,TRUE
14,24,FALSE
14,24,FALSE
24,24,TRUE
24,24,TRUE
24,24,TRUE
24,24,TRUE
24,24,TRUE
23,24,FALSE
24,24,TRUE
24,24,TRUE
24,24,TRUE
24,24,TRUE
24,24,TRUE
24,24,TRUE
24,24,TRUE
24,24,TRUE
14,24,FALSE
24,24,TRUE
24,24,TRUE
24,24,TRUE
0,24,FALSE
0,24,FALSE
24,24,TRUE
24,24,TRUE
24,24,TRUE
4,24,FALSE
24,24,TRUE
24,24,TRUE
24,24,TRUE
28,24,FALSE
1,24,FALSE
24,24,TRUE
24,24,TRUE
24,24,TRUE
24,24,TRUE
24,24,TRUE
24,24,TRUE
24,24,TRUE
24,24,TRUE
24,24,TRUE
24,24,TRUE
24,24,TRUE
24,24,TRUE
24,24,TRUE
24,24,TRUE
24,24,TRUE
24,24,TRUE
14,24,FALSE
24,24,TRUE
16,24,FALSE
24,24,TRUE
24,24,TRUE
24,24,TRUE
24,24,TRUE
24,24,TRUE
24,24,TRUE
24,24,TRUE
24,24,TRUE
24,24,TRUE
24,24,TRUE
24,24,TRUE
24,24,TRUE
24,24,TRUE
24,24,TRUE
28,24,FALSE
24,24,TRUE
24,24,TRUE
24,24,TRUE
24,24,TRUE
24,24,TRUE
24,24,TRUE
24,24,TRUE
24,24,TRUE
24,24,TRUE
24,24,TRUE
24,24,TRUE
24,24,TRUE
24,24,TRUE
28,24,FALSE
24,24,TRUE
24,24,TRUE
24,24,TRUE
24,24,TRUE
24,24,TRUE
24,24,TRUE
14,24,FALSE
14,24,FALSE
24,24,TRUE
24,24,TRUE
24,24,TRUE
24,24,TRUE
24,24,TRUE
24,24,TRUE
24,24,TRUE
7,24,FALSE
24,24,TRUE
24,24,TRUE
24,24,TRUE
24,24,TRUE
23,24,FALSE
24,24,TRUE
24,24,TRUE
24,24,TRUE
24,24,TRUE
24,24,TRUE
24,24,TRUE
24,24,TRUE
24,24,TRUE
16,24,FALSE
24,24,TRUE
14,24,FALSE
24,24,TRUE
24,24,TRUE
24,24,TRUE
24,24,TRUE
24,24,TRUE
24,24,TRUE
24,24,TRUE
24,24,TRUE
14,24,FALSE
27,24,FALSE
24,24,TRUE
24,24,TRUE
24,24,TRUE
24,24,TRUE
24,24,TRUE
24,24,TRUE
24,24,TRUE
24,24,TRUE
24,24,TRUE
24,24,TRUE
24,24,TRUE
24,24,TRUE
24,24,TRUE
24,24,TRUE
3,24,FALSE
2,24,FALSE
24,24,TRUE
24,24,TRUE
24,24,TRUE
24,24,TRUE
24,24,TRUE
14,24,FALSE
24,24,TRUE
21,24,FALSE
24,24,TRUE
24,24,TRUE
24,24,TRUE
24,24,TRUE
24,24,TRUE
14,24,FALSE
24,24,TRUE
24,24,TRUE
24,24,TRUE
24,24,TRUE
24,24,TRUE
24,24,TRUE
24,24,TRUE
24,24,TRUE
24,24,TRUE
27,24,FALSE
14,24,FALSE
6,24,FALSE
27,24,FALSE
24,24,TRUE
24,24,TRUE
24,24,TRUE
24,24,TRUE
24,24,TRUE
24,24,TRUE
24,24,TRUE
24,24,TRUE
24,24,TRUE
24,24,TRUE
23,24,FALSE
24,24,TRUE
24,24,TRUE
24,24,TRUE
24,24,TRUE
24,24,TRUE
24,24,TRUE
24,24,TRUE
24,24,TRUE
24,24,TRUE
24,24,TRUE
24,24,TRUE
24,24,TRUE
24,24,TRUE
24,24,TRUE
24,24,TRUE
24,24,TRUE
24,24,TRUE
14,24,FALSE
24,24,TRUE
27,24,FALSE
14,24,FALSE
24,24,TRUE
24,24,TRUE
24,24,TRUE
24,24,TRUE
14,24,FALSE
18,24,FALSE
24,24,TRUE
18,24,FALSE
24,24,TRUE
24,24,TRUE
23,24,FALSE
24,24,TRUE
24,24,TRUE
24,24,TRUE
24,24,TRUE
10,24,FALSE
14,24,FALSE
24,24,TRUE
24,24,TRUE
24,24,TRUE
24,24,TRUE
24,24,TRUE
24,24,TRUE
24,24,TRUE
23,24,FALSE
24,24,TRUE
14,24,FALSE
24,24,TRUE
24,24,TRUE
24,24,TRUE
24,24,TRUE
24,24,TRUE
24,24,TRUE
24,24,TRUE
24,24,TRUE
24,24,TRUE
24,24,TRUE
24,24,TRUE
24,24,TRUE
24,24,TRUE
24,24,TRUE
24,24,TRUE
24,24,TRUE
24,24,TRUE
24,24,TRUE
24,24,TRUE
24,24,TRUE
24,24,TRUE
24,24,TRUE
24,24,TRUE
24,24,TRUE
16,24,FALSE
24,24,TRUE
24,24,TRUE
24,24,TRUE
24,24,TRUE
16,24,FALSE
24,24,TRUE
24,24,TRUE
24,24,TRUE
24,24,TRUE
24,24,TRUE
24,24,TRUE
24,24,TRUE
24,24,TRUE
24,24,TRUE
24,24,TRUE
24,24,TRUE
24,24,TRUE
24,24,TRUE
24,24,TRUE
1,24,FALSE
24,24,TRUE
24,24,TRUE
24,24,TRUE
24,24,TRUE
24,24,TRUE
24,24,TRUE
24,24,TRUE
24,24,TRUE
24,24,TRUE
24,24,TRUE
24,24,TRUE
24,24,TRUE
24,24,TRUE
29,24,FALSE
24,24,TRUE
24,24,TRUE
24,24,TRUE
16,24,FALSE
24,24,TRUE
24,24,TRUE
24,24,TRUE
24,24,TRUE
24,24,TRUE
14,24,FALSE
24,24,TRUE
24,24,TRUE
1,24,FALSE
24,24,TRUE
24,24,TRUE
24,24,TRUE
24,24,TRUE
24,24,TRUE
24,24,TRUE
24,24,TRUE
24,24,TRUE
24,24,TRUE
24,24,TRUE
24,24,TRUE
24,24,TRUE
24,24,TRUE
24,24,TRUE
24,24,TRUE
24,24,TRUE
19,24,FALSE
24,24,TRUE
24,24,TRUE
24,24,TRUE
24,24,TRUE
24,24,TRUE
24,24,TRUE
24,24,TRUE
24,24,TRUE
24,24,TRUE
24,24,TRUE
24,24,TRUE
24,24,TRUE
24,24,TRUE
24,24,TRUE
24,24,TRUE
24,24,TRUE
24,24,TRUE
24,24,TRUE
14,24,FALSE
24,24,TRUE
24,24,TRUE
24,24,TRUE
24,24,TRUE
24,24,TRUE
24,24,TRUE
24,24,TRUE
24,24,TRUE
24,24,TRUE
24,24,TRUE
24,24,TRUE
24,24,TRUE
24,24,TRUE
24,24,TRUE
24,24,TRUE
24,24,TRUE
24,24,TRUE
24,24,TRUE
24,24,TRUE
24,24,TRUE
24,24,TRUE
24,24,TRUE
24,24,TRUE
24,24,TRUE
24,24,TRUE
14,24,FALSE
24,24,TRUE
24,24,TRUE
24,24,TRUE
24,24,TRUE
24,24,TRUE
24,24,TRUE
24,24,TRUE
1,24,FALSE
24,24,TRUE
24,24,TRUE
24,24,TRUE
24,24,TRUE
24,24,TRUE
24,24,TRUE
24,24,TRUE
1,24,FALSE
24,24,TRUE
24,24,TRUE
24,24,TRUE
24,24,TRUE
24,24,TRUE
24,24,TRUE
0,24,FALSE
24,24,TRUE
24,24,TRUE
14,24,FALSE
24,24,TRUE
24,24,TRUE
24,24,TRUE
24,24,TRUE
24,24,TRUE
24,24,TRUE
24,24,TRUE
24,24,TRUE
24,24,TRUE
24,24,TRUE
24,24,TRUE
24,24,TRUE
24,24,TRUE
24,24,TRUE
24,24,TRUE
24,24,TRUE
24,24,TRUE
24,24,TRUE
24,24,TRUE
24,24,TRUE
24,24,TRUE
24,24,TRUE
24,24,TRUE
7,24,FALSE
24,24,TRUE
24,24,TRUE
24,24,TRUE
24,24,TRUE
14,24,FALSE
24,24,TRUE
24,24,TRUE
27,24,FALSE
24,24,TRUE
24,24,TRUE
24,24,TRUE
24,24,TRUE
24,24,TRUE
24,24,TRUE
24,24,TRUE
24,24,TRUE
24,24,TRUE
3,24,FALSE
16,24,FALSE
14,24,FALSE
24,24,TRUE
24,24,TRUE
24,24,TRUE
24,24,TRUE
24,24,TRUE
24,24,TRUE
24,24,TRUE
24,24,TRUE
24,24,TRUE
24,24,TRUE
24,24,TRUE
24,24,TRUE
24,24,TRUE
24,24,TRUE
24,24,TRUE
24,24,TRUE
24,24,TRUE
24,24,TRUE
24,24,TRUE
24,24,TRUE
24,24,TRUE
24,24,TRUE
24,24,TRUE
7,24,FALSE
24,24,TRUE
24,24,TRUE
24,24,TRUE
24,24,TRUE
14,24,FALSE
24,24,TRUE
24,24,TRUE
24,24,TRUE
24,24,TRUE
24,24,TRUE
24,24,TRUE
24,24,TRUE
24,24,TRUE
24,24,TRUE
24,24,TRUE
24,24,TRUE
24,24,TRUE
24,24,TRUE
24,24,TRUE
24,24,TRUE
14,24,FALSE
3,24,FALSE
24,24,TRUE
24,24,TRUE
24,24,TRUE
14,24,FALSE
24,24,TRUE
24,24,TRUE
24,24,TRUE
24,24,TRUE
24,24,TRUE
24,24,TRUE
24,24,TRUE
14,24,FALSE
24,24,TRUE
24,24,TRUE
3,24,FALSE
24,24,TRUE
24,24,TRUE
24,24,TRUE
24,24,TRUE
24,24,TRUE
24,24,TRUE
24,24,TRUE
24,24,TRUE
24,24,TRUE
3,24,FALSE
24,24,TRUE
24,24,TRUE
24,24,TRUE
24,24,TRUE
24,24,TRUE
24,24,TRUE
24,24,TRUE
14,24,FALSE
24,24,TRUE
24,24,TRUE
24,24,TRUE
24,24,TRUE
24,24,TRUE
24,24,TRUE
24,24,TRUE
24,24,TRUE
24,24,TRUE
24,24,TRUE
24,24,TRUE
23,24,FALSE
24,24,TRUE
24,24,TRUE
24,24,TRUE
24,24,TRUE
24,24,TRUE
1,24,FALSE
24,24,TRUE
24,24,TRUE
24,24,TRUE
24,24,TRUE
24,24,TRUE
3,24,FALSE
24,24,TRUE
24,24,TRUE
24,24,TRUE
24,24,TRUE
24,24,TRUE
24,24,TRUE
24,24,TRUE
24,24,TRUE
24,24,TRUE
24,24,TRUE
24,24,TRUE
1,24,FALSE
27,24,FALSE
24,24,TRUE
24,24,TRUE
24,24,TRUE
24,24,TRUE
24,24,TRUE
14,24,FALSE
24,24,TRUE
24,24,TRUE
24,24,TRUE
24,24,TRUE
24,24,TRUE
24,24,TRUE
24,24,TRUE
27,24,FALSE
24,24,TRUE
24,24,TRUE
24,24,TRUE
24,24,TRUE
16,24,FALSE
24,24,TRUE
24,24,TRUE
24,24,TRUE
24,24,TRUE
24,24,TRUE
24,24,TRUE
14,24,FALSE
24,24,TRUE
24,24,TRUE
24,24,TRUE
24,24,TRUE
24,24,TRUE
24,24,TRUE
24,24,TRUE
24,24,TRUE
24,24,TRUE
24,24,TRUE
24,24,TRUE
24,24,TRUE
16,24,FALSE
24,24,TRUE
10,24,FALSE
28,24,FALSE
24,24,TRUE
24,24,TRUE
27,24,FALSE
24,24,TRUE
24,24,TRUE
24,24,TRUE
24,24,TRUE
24,24,TRUE
24,24,TRUE
24,24,TRUE
24,24,TRUE
3,24,FALSE
24,24,TRUE
27,24,FALSE
24,24,TRUE
24,24,TRUE
24,24,TRUE
24,24,TRUE
24,24,TRUE
14,24,FALSE
24,24,TRUE
24,24,TRUE
24,24,TRUE
24,24,TRUE
24,24,TRUE
24,24,TRUE
0,24,FALSE
24,24,TRUE
24,24,TRUE
24,24,TRUE
0,24,FALSE
24,24,TRUE
24,24,TRUE
24,24,TRUE
14,24,FALSE
24,24,TRUE
24,24,TRUE
24,24,TRUE
24,24,TRUE
3,24,FALSE
24,24,TRUE
28,24,FALSE
24,24,TRUE
24,24,TRUE
24,24,TRUE
24,24,TRUE
24,24,TRUE
24,24,TRUE
24,24,TRUE
24,24,TRUE
24,24,TRUE
24,24,TRUE
24,24,TRUE
24,24,TRUE
24,24,TRUE
24,24,TRUE
3,24,FALSE
24,24,TRUE
24,24,TRUE
24,24,TRUE
24,24,TRUE
24,24,TRUE
24,24,TRUE
14,24,FALSE
24,24,TRUE
14,24,FALSE
24,24,TRUE
24,24,TRUE
24,24,TRUE
24,24,TRUE
24,24,TRUE
24,24,TRUE
23,24,FALSE
24,24,TRUE
24,24,TRUE
24,24,TRUE
24,24,TRUE
24,24,TRUE
24,24,TRUE
14,24,FALSE
24,24,TRUE
24,24,TRUE
24,24,TRUE
24,24,TRUE
24,24,TRUE
24,24,TRUE
24,24,TRUE
24,24,TRUE
24,24,TRUE
24,24,TRUE
24,24,TRUE
24,24,TRUE
24,24,TRUE
24,24,TRUE
24,24,TRUE
24,24,TRUE
24,24,TRUE
3,24,FALSE
24,24,TRUE
24,24,TRUE
28,24,FALSE
24,24,TRUE
24,24,TRUE
24,24,TRUE
24,24,TRUE
24,24,TRUE
24,24,TRUE
24,24,TRUE
24,24,TRUE
24,24,TRUE
24,24,TRUE
14,24,FALSE
3,24,FALSE
14,24,FALSE
24,24,TRUE
24,24,TRUE
24,24,TRUE
24,24,TRUE
10,24,FALSE
24,24,TRUE
24,24,TRUE
24,24,TRUE
24,24,TRUE
24,24,TRUE
24,24,TRUE
24,24,TRUE
14,24,FALSE
24,24,TRUE
24,24,TRUE
24,24,TRUE
24,24,TRUE
24,24,TRUE
24,24,TRUE
24,24,TRUE
24,24,TRUE
24,24,TRUE
24,24,TRUE
24,24,TRUE
24,24,TRUE
24,24,TRUE
24,24,TRUE
24,24,TRUE
24,24,TRUE
24,24,TRUE
24,24,TRUE
24,24,TRUE
24,24,TRUE
24,24,TRUE
24,24,TRUE
24,24,TRUE
24,24,TRUE
14,24,FALSE
24,24,TRUE
10,24,FALSE
21,24,FALSE
25,24,FALSE
24,24,TRUE
24,24,TRUE
24,24,TRUE
24,24,TRUE
24,24,TRUE
24,24,TRUE
24,24,TRUE
24,24,TRUE
24,24,TRUE
24,24,TRUE
24,24,TRUE
24,24,TRUE
24,24,TRUE
24,24,TRUE
24,24,TRUE
14,24,FALSE
24,24,TRUE
24,24,TRUE
24,24,TRUE
24,24,TRUE
24,24,TRUE
24,24,TRUE
24,24,TRUE
24,24,TRUE
24,24,TRUE
24,24,TRUE
16,24,FALSE
24,24,TRUE
24,24,TRUE
16,24,FALSE
13,24,FALSE
24,24,TRUE
24,24,TRUE
24,24,TRUE
24,24,TRUE
24,24,TRUE
24,24,TRUE
24,24,TRUE
24,24,TRUE
24,24,TRUE
24,24,TRUE
24,24,TRUE
27,24,FALSE
24,24,TRUE
24,24,TRUE
24,24,TRUE
24,24,TRUE
24,24,TRUE
24,24,TRUE
24,24,TRUE
24,24,TRUE
24,24,TRUE
24,24,TRUE
24,24,TRUE
24,24,TRUE
24,24,TRUE
24,24,TRUE
24,24,TRUE
24,24,TRUE
24,24,TRUE
24,24,TRUE
0,24,FALSE
24,24,TRUE
16,24,FALSE
24,24,TRUE
24,24,TRUE
24,24,TRUE
24,24,TRUE
24,24,TRUE
24,24,TRUE
24,24,TRUE
24,24,TRUE
24,24,TRUE
24,24,TRUE
24,24,TRUE
24,24,TRUE
24,24,TRUE
24,24,TRUE
29,24,FALSE
24,24,TRUE
24,24,TRUE
24,24,TRUE
24,24,TRUE
24,24,TRUE
24,24,TRUE
24,24,TRUE
24,24,TRUE
24,24,TRUE
24,24,TRUE
24,24,TRUE
0,24,FALSE
24,24,TRUE
24,24,TRUE
24,24,TRUE
24,24,TRUE
24,24,TRUE
24,24,TRUE
24,24,TRUE
24,24,TRUE
3,24,FALSE
24,24,TRUE
24,24,TRUE
24,24,TRUE
24,24,TRUE
24,24,TRUE
24,24,TRUE
24,24,TRUE
24,24,TRUE
24,24,TRUE
14,24,FALSE
24,24,TRUE
24,24,TRUE
24,24,TRUE
24,24,TRUE
24,24,TRUE
24,24,TRUE
24,24,TRUE
24,24,TRUE
24,24,TRUE
24,24,TRUE
24,24,TRUE
24,24,TRUE
24,24,TRUE
24,24,TRUE
24,24,TRUE
24,24,TRUE
24,24,TRUE
24,24,TRUE
24,24,TRUE
24,24,TRUE
24,24,TRUE
24,24,TRUE
24,24,TRUE
24,24,TRUE
24,24,TRUE
24,24,TRUE
24,24,TRUE
24,24,TRUE
3,24,FALSE
24,24,TRUE
24,24,TRUE
24,24,TRUE
24,24,TRUE
24,24,TRUE
24,24,TRUE
24,24,TRUE
24,24,TRUE
24,24,TRUE
24,24,TRUE
24,24,TRUE
24,24,TRUE
24,24,TRUE
24,24,TRUE
24,24,TRUE
24,24,TRUE
24,24,TRUE
13,24,FALSE
8,24,FALSE
24,24,TRUE
20,24,FALSE
24,24,TRUE
24,24,TRUE
24,24,TRUE
24,24,TRUE
24,24,TRUE
24,24,TRUE
14,24,FALSE
14,24,FALSE
16,24,FALSE
24,24,TRUE
24,24,TRUE
24,24,TRUE
24,24,TRUE
24,24,TRUE
24,24,TRUE
24,24,TRUE
3,24,FALSE
24,24,TRUE
24,24,TRUE
24,24,TRUE
24,24,TRUE
24,24,TRUE
24,24,TRUE
24,24,TRUE
24,24,TRUE
24,24,TRUE
24,24,TRUE
24,24,TRUE
24,24,TRUE
23,24,FALSE
24,24,TRUE
24,24,TRUE
24,24,TRUE
24,24,TRUE
24,24,TRUE
24,24,TRUE
24,24,TRUE
24,24,TRUE
24,24,TRUE
24,24,TRUE
24,24,TRUE
24,24,TRUE
24,24,TRUE
24,24,TRUE
24,24,TRUE
24,24,TRUE
24,24,TRUE
24,24,TRUE
24,24,TRUE
24,24,TRUE
24,24,TRUE
24,24,TRUE
26,24,FALSE
24,24,TRUE
24,24,TRUE
24,24,TRUE
24,24,TRUE
24,24,TRUE
24,24,TRUE
24,24,TRUE
24,24,TRUE
24,24,TRUE
24,24,TRUE
24,24,TRUE
24,24,TRUE
24,24,TRUE
24,24,TRUE
24,24,TRUE
24,24,TRUE
24,24,TRUE
24,24,TRUE
24,24,TRUE
23,24,FALSE
24,24,TRUE
24,24,TRUE
24,24,TRUE
24,24,TRUE
24,24,TRUE
24,24,TRUE
24,24,TRUE
24,24,TRUE
24,24,TRUE
24,24,TRUE
24,24,TRUE
24,24,TRUE
24,24,TRUE
24,24,TRUE
24,24,TRUE
24,24,TRUE
24,24,TRUE
24,24,TRUE
24,24,TRUE
24,24,TRUE
24,24,TRUE
24,24,TRUE
24,24,TRUE
24,24,TRUE
24,24,TRUE
24,24,TRUE
24,24,TRUE
24,24,TRUE
24,24,TRUE
24,24,TRUE
24,24,TRUE
24,24,TRUE
24,24,TRUE
24,24,TRUE
24,24,TRUE
24,24,TRUE
24,24,TRUE
24,24,TRUE
24,24,TRUE
24,24,TRUE
24,24,TRUE
24,24,TRUE
23,24,FALSE
24,24,TRUE
24,24,TRUE
24,24,TRUE
1,24,FALSE
24,24,TRUE
24,24,TRUE
24,24,TRUE
24,24,TRUE
24,24,TRUE
24,24,TRUE
24,24,TRUE
24,24,TRUE
24,24,TRUE
14,24,FALSE
24,24,TRUE
14,24,FALSE
24,24,TRUE
24,24,TRUE
24,24,TRUE
14,24,FALSE
3,24,FALSE
16,24,FALSE
1,24,FALSE
14,24,FALSE
24,24,TRUE
14,24,FALSE
24,24,TRUE
24,24,TRUE
24,24,TRUE
24,24,TRUE
24,24,TRUE
24,24,TRUE
23,24,FALSE
24,24,TRUE
14,24,FALSE
24,24,TRUE
24,24,TRUE
24,24,TRUE
24,24,TRUE
24,24,TRUE
24,24,TRUE
24,24,TRUE
24,24,TRUE
7,24,FALSE
24,24,TRUE
24,24,TRUE
24,24,TRUE
24,24,TRUE
24,24,TRUE
24,24,TRUE
24,24,TRUE
24,24,TRUE
24,24,TRUE
24,24,TRUE
24,24,TRUE
24,24,TRUE
24,24,TRUE
24,24,TRUE
24,24,TRUE
24,24,TRUE
23,24,FALSE
24,24,TRUE
24,24,TRUE
24,24,TRUE
16,24,FALSE
24,24,TRUE
24,24,TRUE
24,24,TRUE
24,24,TRUE
24,24,TRUE
24,24,TRUE
24,24,TRUE
29,24,FALSE
14,24,FALSE
24,24,TRUE
24,24,TRUE
24,24,TRUE
24,24,TRUE
7,24,FALSE
24,24,TRUE
24,24,TRUE
14,24,FALSE
24,24,TRUE
24,24,TRUE
24,24,TRUE
24,24,TRUE
24,24,TRUE
24,24,TRUE
24,24,TRUE
24,24,TRUE
24,24,TRUE
24,24,TRUE
24,24,TRUE
24,24,TRUE
24,24,TRUE
24,24,TRUE
14,24,FALSE
24,24,TRUE
24,24,TRUE
24,24,TRUE
24,24,TRUE
24,24,TRUE
24,24,TRUE
27,24,FALSE
24,24,TRUE
24,24,TRUE
24,24,TRUE
24,24,TRUE
14,24,FALSE
24,24,TRUE
24,24,TRUE
4,24,FALSE
24,24,TRUE
24,24,TRUE
24,24,TRUE
24,24,TRUE
0,24,FALSE
24,24,TRUE
24,24,TRUE
24,24,TRUE
24,24,TRUE
24,24,TRUE
24,24,TRUE
24,24,TRUE
23,24,FALSE
24,24,TRUE
24,24,TRUE
24,24,TRUE
27,24,FALSE
24,24,TRUE
24,24,TRUE
3,24,FALSE
24,24,TRUE
24,24,TRUE
24,24,TRUE
24,24,TRUE
24,24,TRUE
24,24,TRUE
24,24,TRUE
24,24,TRUE
24,24,TRUE
24,24,TRUE
24,24,TRUE
24,24,TRUE
24,24,TRUE
24,24,TRUE
24,24,TRUE
24,24,TRUE
24,24,TRUE
24,24,TRUE
24,24,TRUE
24,24,TRUE
14,24,FALSE
14,24,FALSE
14,24,FALSE
24,24,TRUE
2,24,FALSE
24,24,TRUE
24,24,TRUE
24,24,TRUE
24,24,TRUE
2,24,FALSE
24,24,TRUE
24,24,TRUE
24,24,TRUE
24,24,TRUE
24,24,TRUE
24,24,TRUE
24,24,TRUE
24,24,TRUE
24,24,TRUE
24,24,TRUE
24,24,TRUE
24,24,TRUE
14,24,FALSE
24,24,TRUE
24,24,TRUE
14,24,FALSE
24,24,TRUE
23,24,FALSE
24,24,TRUE
24,24,TRUE
24,24,TRUE
24,24,TRUE
24,24,TRUE
24,24,TRUE
24,24,TRUE
24,24,TRUE
24,24,TRUE
24,24,TRUE
24,24,TRUE
24,24,TRUE
24,24,TRUE
24,24,TRUE
24,24,TRUE
24,24,TRUE
14,24,FALSE
24,24,TRUE
24,24,TRUE
24,24,TRUE
24,24,TRUE
24,24,TRUE
14,24,FALSE
24,24,TRUE
14,24,FALSE
24,24,TRUE
24,24,TRUE
24,24,TRUE
24,24,TRUE
24,24,TRUE
24,24,TRUE
28,24,FALSE
24,24,TRUE
24,24,TRUE
24,24,TRUE
24,24,TRUE
24,24,TRUE
24,24,TRUE
24,24,TRUE
24,24,TRUE
24,24,TRUE
24,24,TRUE
24,24,TRUE
24,24,TRUE
24,24,TRUE
24,24,TRUE
24,24,TRUE
0,24,FALSE
24,24,TRUE
21,24,FALSE
24,24,TRUE
24,24,TRUE
24,24,TRUE
24,24,TRUE
24,24,TRUE
24,24,TRUE
24,24,TRUE
24,24,TRUE
24,24,TRUE
24,24,TRUE
4,24,FALSE
24,24,TRUE
24,24,TRUE
24,24,TRUE
24,24,TRUE
24,24,TRUE
24,24,TRUE
24,24,TRUE
24,24,TRUE
24,24,TRUE
24,24,TRUE
24,24,TRUE
24,24,TRUE
24,24,TRUE
24,24,TRUE
24,24,TRUE
24,24,TRUE
24,24,TRUE
16,24,FALSE
24,24,TRUE
24,24,TRUE
24,24,TRUE
24,24,TRUE
24,24,TRUE
24,24,TRUE
24,24,TRUE
24,24,TRUE
24,24,TRUE
24,24,TRUE
24,24,TRUE
24,24,TRUE
14,24,FALSE
27,24,FALSE
24,24,TRUE
24,24,TRUE
24,24,TRUE
24,24,TRUE
24,24,TRUE
24,24,TRUE
24,24,TRUE
24,24,TRUE
24,24,TRUE
24,24,TRUE
2,24,FALSE
24,24,TRUE
24,24,TRUE
24,24,TRUE
24,24,TRUE
24,24,TRUE
24,24,TRUE
24,24,TRUE
24,24,TRUE
24,24,TRUE
24,24,TRUE
24,24,TRUE
24,24,TRUE
24,24,TRUE
24,24,TRUE
14,24,FALSE
24,24,TRUE
24,24,TRUE
2,24,FALSE
24,24,TRUE
24,24,TRUE
24,24,TRUE
24,24,TRUE
14,24,FALSE
24,24,TRUE
24,24,TRUE
24,24,TRUE
14,24,FALSE
24,24,TRUE
24,24,TRUE
24,24,TRUE
14,24,FALSE
24,24,TRUE
24,24,TRUE
24,24,TRUE
7,24,FALSE
24,24,TRUE
24,24,TRUE
24,24,TRUE
3,24,FALSE
24,24,TRUE
24,24,TRUE
24,24,TRUE
24,24,TRUE
24,24,TRUE
14,24,FALSE
24,24,TRUE
24,24,TRUE
24,24,TRUE
24,24,TRUE
24,24,TRUE
24,24,TRUE
24,24,TRUE
14,24,FALSE
24,24,TRUE
24,24,TRUE
24,24,TRUE
24,24,TRUE
24,24,TRUE
23,24,FALSE
24,24,TRUE
24,24,TRUE
24,24,TRUE
24,24,TRUE
24,24,TRUE
24,24,TRUE
24,24,TRUE
24,24,TRUE
24,24,TRUE
24,24,TRUE
24,24,TRUE
23,24,FALSE
24,24,TRUE
24,24,TRUE
24,24,TRUE
14,24,FALSE
24,24,TRUE
24,24,TRUE
24,24,TRUE
24,24,TRUE
24,24,TRUE
24,24,TRUE
24,24,TRUE
24,24,TRUE
24,24,TRUE
18,24,FALSE
24,24,TRUE
24,24,TRUE
24,24,TRUE
24,24,TRUE
24,24,TRUE
24,24,TRUE
24,24,TRUE
1,24,FALSE
24,24,TRUE
24,24,TRUE
24,24,TRUE
24,24,TRUE
24,24,TRUE
24,24,TRUE
24,24,TRUE
24,24,TRUE
24,24,TRUE
27,24,FALSE
23,24,FALSE
24,24,TRUE
24,24,TRUE
24,24,TRUE
24,24,TRUE
24,24,TRUE
24,24,TRUE
24,24,TRUE
24,24,TRUE
24,24,TRUE
24,24,TRUE
24,24,TRUE
24,24,TRUE
24,24,TRUE
24,24,TRUE
24,24,TRUE
24,24,TRUE
24,24,TRUE
24,24,TRUE
7,24,FALSE
24,24,TRUE
24,24,TRUE
24,24,TRUE
24,24,TRUE
24,24,TRUE
24,24,TRUE
14,24,FALSE
24,24,TRUE
24,24,TRUE
16,24,FALSE
24,24,TRUE
24,24,TRUE
24,24,TRUE
24,24,TRUE
24,24,TRUE
24,24,TRUE
24,24,TRUE
14,24,FALSE
24,24,TRUE
24,24,TRUE
24,24,TRUE
24,24,TRUE
24,24,TRUE
24,24,TRUE
24,24,TRUE
24,24,TRUE
24,24,TRUE
24,24,TRUE
24,24,TRUE
24,24,TRUE
24,24,TRUE
14,24,FALSE
24,24,TRUE
24,24,TRUE
24,24,TRUE
24,24,TRUE
24,24,TRUE
10,24,FALSE
16,24,FALSE
24,24,TRUE
24,24,TRUE
24,24,TRUE
24,24,TRUE
24,24,TRUE
24,24,TRUE
14,24,FALSE
24,24,TRUE
24,24,TRUE
24,24,TRUE
24,24,TRUE
14,24,FALSE
24,24,TRUE
24,24,TRUE
2,24,FALSE
24,24,TRUE
24,24,TRUE
24,24,TRUE
24,24,TRUE
27,24,FALSE
24,24,TRUE
24,24,TRUE
24,24,TRUE
24,24,TRUE
24,24,TRUE
24,24,TRUE
24,24,TRUE
24,24,TRUE
14,24,FALSE
23,24,FALSE
24,24,TRUE
24,24,TRUE
24,24,TRUE
24,24,TRUE
24,24,TRUE
24,24,TRUE
24,24,TRUE
24,24,TRUE
24,24,TRUE
28,24,FALSE
16,24,FALSE
24,24,TRUE
24,24,TRUE
24,24,TRUE
24,24,TRUE
26,24,FALSE
24,24,TRUE
24,24,TRUE
24,24,TRUE
3,24,FALSE
24,24,TRUE
7,24,FALSE
14,24,FALSE
24,24,TRUE
24,24,TRUE
24,24,TRUE
24,24,TRUE
24,24,TRUE
24,24,TRUE
23,24,FALSE
24,24,TRUE
24,24,TRUE
24,24,TRUE
24,24,TRUE
24,24,TRUE
24,24,TRUE
24,24,TRUE
24,24,TRUE
24,24,TRUE
24,24,TRUE
24,24,TRUE
14,24,FALSE
24,24,TRUE
24,24,TRUE
24,24,TRUE
24,24,TRUE
24,24,TRUE
4,24,FALSE
24,24,TRUE
24,24,TRUE
24,24,TRUE
24,24,TRUE
16,24,FALSE
7,24,FALSE
24,24,TRUE
24,24,TRUE
24,24,TRUE
24,24,TRUE
24,24,TRUE
24,24,TRUE
28,24,FALSE
24,24,TRUE
24,24,TRUE
24,24,TRUE
24,24,TRUE
24,24,TRUE
24,24,TRUE
24,24,TRUE
24,24,TRUE
14,24,FALSE
24,24,TRUE
24,24,TRUE
24,24,TRUE
24,24,TRUE
24,24,TRUE
27,24,FALSE
24,24,TRUE
0,24,FALSE
24,24,TRUE
24,24,TRUE
24,24,TRUE
24,24,TRUE
24,24,TRUE
24,24,TRUE
24,24,TRUE
24,24,TRUE
24,24,TRUE
24,24,TRUE
24,24,TRUE
24,24,TRUE
24,24,TRUE
24,24,TRUE
24,24,TRUE
24,24,TRUE
24,24,TRUE
24,24,TRUE
24,24,TRUE
24,24,TRUE
24,24,TRUE
24,24,TRUE
3,24,FALSE
23,24,FALSE
24,24,TRUE
24,24,TRUE
14,24,FALSE
24,24,TRUE
24,24,TRUE
24,24,TRUE
24,24,TRUE
24,24,TRUE
24,24,TRUE
24,24,TRUE
24,24,TRUE
24,24,TRUE
24,24,TRUE
24,24,TRUE
24,24,TRUE
24,24,TRUE
24,24,TRUE
24,24,TRUE
16,24,FALSE
24,24,TRUE
24,24,TRUE
0,24,FALSE
24,24,TRUE
24,24,TRUE
24,24,TRUE
24,24,TRUE
24,24,TRUE
14,24,FALSE
24,24,TRUE
24,24,TRUE
24,24,TRUE
24,24,TRUE
24,24,TRUE
29,24,FALSE
24,24,TRUE
24,24,TRUE
14,24,FALSE
24,24,TRUE
24,24,TRUE
24,24,TRUE
24,24,TRUE
24,24,TRUE
24,24,TRUE
24,24,TRUE
24,24,TRUE
24,24,TRUE
3,24,FALSE
24,24,TRUE
24,24,TRUE
24,24,TRUE
24,24,TRUE
24,24,TRUE
24,24,TRUE
24,24,TRUE
27,24,FALSE
24,24,TRUE
24,24,TRUE
24,24,TRUE
24,24,TRUE
7,24,FALSE
24,24,TRUE
24,24,TRUE
24,24,TRUE
24,24,TRUE
24,24,TRUE
24,24,TRUE
24,24,TRUE
24,24,TRUE
24,24,TRUE
24,24,TRUE
24,24,TRUE
24,24,TRUE
24,24,TRUE
23,24,FALSE
24,24,TRUE
24,24,TRUE
24,24,TRUE
14,24,FALSE
24,24,TRUE
24,24,TRUE
24,24,TRUE
24,24,TRUE
24,24,TRUE
24,24,TRUE
24,24,TRUE
24,24,TRUE
24,24,TRUE
16,24,FALSE
24,24,TRUE
24,24,TRUE
24,24,TRUE
24,24,TRUE
24,24,TRUE
24,24,TRUE
26,24,FALSE
24,24,TRUE
24,24,TRUE
24,24,TRUE
24,24,TRUE
24,24,TRUE
24,24,TRUE
24,24,TRUE
24,24,TRUE
24,24,TRUE
24,24,TRUE
24,24,TRUE
24,24,TRUE
24,24,TRUE
26,24,FALSE
24,24,TRUE
24,24,TRUE
24,24,TRUE
24,24,TRUE
24,24,TRUE
24,24,TRUE
24,24,TRUE
18,24,FALSE
24,24,TRUE
24,24,TRUE
24,24,TRUE
24,24,TRUE
24,24,TRUE
24,24,TRUE
24,24,TRUE
24,24,TRUE
24,24,TRUE
24,24,TRUE
24,24,TRUE
16,24,FALSE
24,24,TRUE
24,24,TRUE
24,24,TRUE
24,24,TRUE
24,24,TRUE
1,24,FALSE
24,24,TRUE
21,24,FALSE
24,24,TRUE
24,24,TRUE
24,24,TRUE
24,24,TRUE
24,24,TRUE
24,24,TRUE
24,24,TRUE
0,24,FALSE
24,24,TRUE
24,24,TRUE
24,24,TRUE
24,24,TRUE
24,24,TRUE
24,24,TRUE
24,24,TRUE
24,24,TRUE
24,24,TRUE
24,24,TRUE
24,24,TRUE
24,24,TRUE
24,24,TRUE
24,24,TRUE
24,24,TRUE
24,24,TRUE
24,24,TRUE
24,24,TRUE
14,24,FALSE
24,24,TRUE
24,24,TRUE
24,24,TRUE
24,24,TRUE
18,24,FALSE
24,24,TRUE
24,24,TRUE
24,24,TRUE
24,24,TRUE
24,24,TRUE
24,24,TRUE
16,24,FALSE
24,24,TRUE
24,24,TRUE
24,24,TRUE
24,24,TRUE
24,24,TRUE
24,24,TRUE
24,24,TRUE
24,24,TRUE
24,24,TRUE
24,24,TRUE
24,24,TRUE
24,24,TRUE
24,24,TRUE
24,24,TRUE
14,24,FALSE
24,24,TRUE
24,24,TRUE
24,24,TRUE
24,24,TRUE
24,24,TRUE
24,24,TRUE
24,24,TRUE
24,24,TRUE
24,24,TRUE
16,24,FALSE
1,24,FALSE
24,24,TRUE
3,24,FALSE
24,24,TRUE
24,24,TRUE
24,24,TRUE
24,24,TRUE
24,24,TRUE
24,24,TRUE
24,24,TRUE
24,24,TRUE
14,24,FALSE
24,24,TRUE
24,24,TRUE
16,24,FALSE
24,24,TRUE
24,24,TRUE
24,24,TRUE
26,24,FALSE
24,24,TRUE
24,24,TRUE
3,24,FALSE
24,24,TRUE
24,24,TRUE
24,24,TRUE
24,24,TRUE
24,24,TRUE
24,24,TRUE
24,24,TRUE
24,24,TRUE
24,24,TRUE
27,24,FALSE
24,24,TRUE
24,24,TRUE
24,24,TRUE
14,24,FALSE
24,24,TRUE
24,24,TRUE
24,24,TRUE
24,24,TRUE
24,24,TRUE
1,24,FALSE
16,24,FALSE
24,24,TRUE
24,24,TRUE
24,24,TRUE
24,24,TRUE
24,24,TRUE
24,24,TRUE
24,24,TRUE
24,24,TRUE
24,24,TRUE
14,24,FALSE
24,24,TRUE
24,24,TRUE
24,24,TRUE
24,24,TRUE
24,24,TRUE
24,24,TRUE
3,24,FALSE
24,24,TRUE
28,24,FALSE
24,24,TRUE
24,24,TRUE
24,24,TRUE
24,24,TRUE
14,24,FALSE
14,24,FALSE
24,24,TRUE
24,24,TRUE
24,24,TRUE
24,24,TRUE
24,24,TRUE
24,24,TRUE
24,24,TRUE
24,24,TRUE
24,24,TRUE
24,24,TRUE
24,24,TRUE
22,24,FALSE
24,24,TRUE
24,24,TRUE
24,24,TRUE
24,24,TRUE
24,24,TRUE
24,24,TRUE
24,24,TRUE
24,24,TRUE
24,24,TRUE
24,24,TRUE
14,24,FALSE
16,24,FALSE
24,24,TRUE
24,24,TRUE
24,24,TRUE
24,24,TRUE
16,24,FALSE
24,24,TRUE
24,24,TRUE
24,24,TRUE
24,24,TRUE
24,24,TRUE
24,24,TRUE
24,24,TRUE
24,24,TRUE
16,24,FALSE
24,24,TRUE
24,24,TRUE
24,24,TRUE
24,24,TRUE
24,24,TRUE
24,24,TRUE
24,24,TRUE
24,24,TRUE
24,24,TRUE
24,24,TRUE
16,24,FALSE
24,24,TRUE
24,24,TRUE
24,24,TRUE
24,24,TRUE
24,24,TRUE
24,24,TRUE
24,24,TRUE
24,24,TRUE
24,24,TRUE
14,24,FALSE
24,24,TRUE
24,24,TRUE
24,24,TRUE
24,24,TRUE
24,24,TRUE
24,24,TRUE
24,24,TRUE
24,24,TRUE
24,24,TRUE
24,24,TRUE
24,24,TRUE
24,24,TRUE
24,24,TRUE
14,24,FALSE
1,24,FALSE
14,24,FALSE
23,24,FALSE
24,24,TRUE
24,24,TRUE
24,24,TRUE
24,24,TRUE
24,24,TRUE
24,24,TRUE
24,24,TRUE
24,24,TRUE
24,24,TRUE
24,24,TRUE
24,24,TRUE
24,24,TRUE
0,24,FALSE
24,24,TRUE
24,24,TRUE
24,24,TRUE
24,24,TRUE
24,24,TRUE
24,24,TRUE
24,24,TRUE
24,24,TRUE
24,24,TRUE
24,24,TRUE
24,24,TRUE
24,24,TRUE
24,24,TRUE
24,24,TRUE
24,24,TRUE
24,24,TRUE
24,24,TRUE
24,24,TRUE
28,24,FALSE
23,24,FALSE
24,24,TRUE
24,24,TRUE
0,24,FALSE
24,24,TRUE
24,24,TRUE
24,24,TRUE
7,24,FALSE
24,24,TRUE
24,24,TRUE
24,24,TRUE
24,24,TRUE
24,24,TRUE
24,24,TRUE
24,24,TRUE
24,24,TRUE
24,24,TRUE
24,24,TRUE
24,24,TRUE
24,24,TRUE
24,24,TRUE
29,24,FALSE
24,24,TRUE
28,24,FALSE
24,24,TRUE
24,24,TRUE
16,24,FALSE
24,24,TRUE
24,24,TRUE
24,24,TRUE
14,24,FALSE
24,24,TRUE
24,24,TRUE
24,24,TRUE
24,24,TRUE
24,24,TRUE
24,24,TRUE
24,24,TRUE
24,24,TRUE
24,24,TRUE
24,24,TRUE
24,24,TRUE
24,24,TRUE
24,24,TRUE
24,24,TRUE
24,24,TRUE
24,24,TRUE
24,24,TRUE
24,24,TRUE
24,24,TRUE
24,24,TRUE
24,24,TRUE
24,24,TRUE
24,24,TRUE
24,24,TRUE
24,24,TRUE
24,24,TRUE
24,24,TRUE
24,24,TRUE
18,24,FALSE
24,24,TRUE
28,24,FALSE
24,24,TRUE
24,24,TRUE
23,24,FALSE
24,24,TRUE
24,24,TRUE
24,24,TRUE
27,24,FALSE
24,24,TRUE
24,24,TRUE
24,24,TRUE
24,24,TRUE
24,24,TRUE
14,24,FALSE
24,24,TRUE
24,24,TRUE
24,24,TRUE
24,24,TRUE
24,24,TRUE
14,24,FALSE
14,24,FALSE
24,24,TRUE
24,24,TRUE
24,24,TRUE
24,24,TRUE
14,24,FALSE
24,24,TRUE
24,24,TRUE
24,24,TRUE
24,24,TRUE
24,24,TRUE
24,24,TRUE
24,24,TRUE
24,24,TRUE
24,24,TRUE
24,24,TRUE
24,24,TRUE
24,24,TRUE
24,24,TRUE
24,24,TRUE
24,24,TRUE
24,24,TRUE
24,24,TRUE
3,24,FALSE
24,24,TRUE
24,24,TRUE
24,24,TRUE
24,24,TRUE
24,24,TRUE
24,24,TRUE
24,24,TRUE
24,24,TRUE
24,24,TRUE
24,24,TRUE
24,24,TRUE
24,24,TRUE
24,24,TRUE
24,24,TRUE
24,24,TRUE
24,24,TRUE
28,24,FALSE
24,24,TRUE
24,24,TRUE
24,24,TRUE
24,24,TRUE
24,24,TRUE
24,24,TRUE
24,24,TRUE
24,24,TRUE
24,24,TRUE
14,24,FALSE
24,24,TRUE
24,24,TRUE
12,24,FALSE
14,24,FALSE
24,24,TRUE
24,24,TRUE
24,24,TRUE
24,24,TRUE
24,24,TRUE
24,24,TRUE
24,24,TRUE
24,24,TRUE
24,24,TRUE
29,24,FALSE
24,24,TRUE
14,24,FALSE
1,24,FALSE
24,24,TRUE
24,24,TRUE
16,24,FALSE
24,24,TRUE
24,24,TRUE
24,24,TRUE
24,24,TRUE
24,24,TRUE
24,24,TRUE
24,24,TRUE
24,24,TRUE
16,24,FALSE
24,24,TRUE
24,24,TRUE
24,24,TRUE
24,24,TRUE
24,24,TRUE
16,24,FALSE
24,24,TRUE
24,24,TRUE
24,24,TRUE
24,24,TRUE
24,24,TRUE
24,24,TRUE
24,24,TRUE
24,24,TRUE
24,24,TRUE
24,24,TRUE
24,24,TRUE
24,24,TRUE
13,24,FALSE
24,24,TRUE
24,24,TRUE
24,24,TRUE
24,24,TRUE
24,24,TRUE
24,24,TRUE
24,24,TRUE
24,24,TRUE
24,24,TRUE
24,24,TRUE
24,24,TRUE
24,24,TRUE
24,24,TRUE
24,24,TRUE
24,24,TRUE
24,24,TRUE
24,24,TRUE
24,24,TRUE
24,24,TRUE
24,24,TRUE
16,24,FALSE
24,24,TRUE
16,24,FALSE
24,24,TRUE
24,24,TRUE
24,24,TRUE
24,24,TRUE
24,24,TRUE
24,24,TRUE
24,24,TRUE
24,24,TRUE
24,24,TRUE
24,24,TRUE
24,24,TRUE
24,24,TRUE
23,24,FALSE
24,24,TRUE
24,24,TRUE
24,24,TRUE
24,24,TRUE
24,24,TRUE
24,24,TRUE
24,24,TRUE
24,24,TRUE
24,24,TRUE
24,24,TRUE
24,24,TRUE
24,24,TRUE
14,24,FALSE
24,24,TRUE
14,24,FALSE
24,24,TRUE
24,24,TRUE
24,24,TRUE
24,24,TRUE
24,24,TRUE
24,24,TRUE
24,24,TRUE
24,24,TRUE
24,24,TRUE
24,24,TRUE
24,24,TRUE
24,24,TRUE
24,24,TRUE
24,24,TRUE
24,24,TRUE
24,24,TRUE
24,24,TRUE
24,24,TRUE
24,24,TRUE
24,24,TRUE
24,24,TRUE
24,24,TRUE
24,24,TRUE
24,24,TRUE
24,24,TRUE
24,24,TRUE
14,24,FALSE
24,24,TRUE
24,24,TRUE
24,24,TRUE
24,24,TRUE
24,24,TRUE
24,24,TRUE
24,24,TRUE
24,24,TRUE
24,24,TRUE
14,24,FALSE
24,24,TRUE
24,24,TRUE
24,24,TRUE
24,24,TRUE
7,24,FALSE
18,24,FALSE
24,24,TRUE
24,24,TRUE
24,24,TRUE
24,24,TRUE
24,24,TRUE
24,24,TRUE
24,24,TRUE
24,24,TRUE
24,24,TRUE
24,24,TRUE
24,24,TRUE
24,24,TRUE
24,24,TRUE
24,24,TRUE
24,24,TRUE
24,24,TRUE
1,24,FALSE
3,24,FALSE
14,24,FALSE
14,24,FALSE
24,24,TRUE
24,24,TRUE
18,24,FALSE
24,24,TRUE
16,24,FALSE
14,24,FALSE
24,24,TRUE
24,24,TRUE
24,24,TRUE
24,24,TRUE
24,24,TRUE
23,24,FALSE
24,24,TRUE
24,24,TRUE
21,24,FALSE
24,24,TRUE
24,24,TRUE
24,24,TRUE
24,24,TRUE
24,24,TRUE
24,24,TRUE
24,24,TRUE
24,24,TRUE
24,24,TRUE
24,24,TRUE
24,24,TRUE
24,24,TRUE
24,24,TRUE
24,24,TRUE
24,24,TRUE
24,24,TRUE
24,24,TRUE
24,24,TRUE
29,24,FALSE
24,24,TRUE
24,24,TRUE
18,24,FALSE
24,24,TRUE
14,24,FALSE
24,24,TRUE
24,24,TRUE
24,24,TRUE
24,24,TRUE
24,24,TRUE
24,24,TRUE
21,24,FALSE
24,24,TRUE
24,24,TRUE
24,24,TRUE
24,24,TRUE
24,24,TRUE
24,24,TRUE
24,24,TRUE
24,24,TRUE
24,24,TRUE
24,24,TRUE
24,24,TRUE
24,24,TRUE
24,24,TRUE
24,24,TRUE
24,24,TRUE
23,24,FALSE
0,24,FALSE
24,24,TRUE
24,24,TRUE
24,24,TRUE
24,24,TRUE
24,24,TRUE
14,24,FALSE
24,24,TRUE
24,24,TRUE
24,24,TRUE
24,24,TRUE
24,24,TRUE
24,24,TRUE
24,24,TRUE
24,24,TRUE
24,24,TRUE
